,global_transitivity,avelocal_transmissivity,fraction_clusters_size_2,fraction_clusters_size_3,fraction_clusters_size_5,fraction_giant_component,average_path_length,hamming_distance,corrected_hamming_distance,threshold,edge_density
1953-03-01 14:17:30,0.7087997793950307,0.6710674668575319,0.0,0.0,0.0,0.12380573248407643,4.322348108136217,0.0,0.0,0.99,0.006078667874092845
1953-04-01 14:17:30,0.7051477159112023,0.6885368216522829,0.0,0.0,0.0,0.12380573248407643,3.8794875388316634,0.004269431063828708,0.002927881651941648,0.99,0.0074202172859799045
1953-05-01 14:17:30,0.7188724794208129,0.703387656413959,0.0003980891719745223,0.0,0.0003980891719745223,0.11265923566878981,4.597829115264172,0.006221352165123139,0.005222245051708787,0.99,0.008419324399394258
1953-06-01 14:17:30,0.7654957328585753,0.7301331754536148,0.0003980891719745223,0.0,0.0,0.15684713375796178,5.235623796734248,0.006496257232508174,0.006155717391249204,0.99,0.008759864240653227
1953-07-01 14:17:30,0.7659093571482715,0.7322549870890918,0.0011942675159235668,0.0,0.0003980891719745223,0.16281847133757962,5.160573385877686,0.006896090323595289,0.005675029868578256,0.99,0.009980924695670261
1953-08-01 14:17:30,0.7910287890409303,0.7461102300396586,0.0007961783439490446,0.0003980891719745223,0.0,0.22531847133757962,7.364407949213359,0.007362509417163208,0.004493603938847415,0.99,0.012849830173986054
1953-09-01 14:17:30,0.8059874260100784,0.7509730322716582,0.0011942675159235668,0.0003980891719745223,0.0,0.1859076433121019,5.4710589164117245,0.008908255903324735,0.0077480740791472935,0.99,0.014010011998163496
1953-10-01 14:17:30,0.7896348297051027,0.7430152870023428,0.002786624203821656,0.0,0.0003980891719745223,0.18471337579617833,4.820118057723416,0.009240234687121887,0.008551545175748998,0.99,0.013321322486790606
1953-11-01 14:17:30,0.7746148313102316,0.7485737647915572,0.0003980891719745223,0.0,0.0,0.19585987261146498,4.759055667159198,0.008638741131378622,0.007934514886093546,0.99,0.012617096241505529
1953-12-01 14:17:30,0.7343495388875222,0.7194331961814101,0.0,0.0,0.0,0.25636942675159236,9.02804353628518,0.008705644210061717,0.008436763590520183,0.99,0.012348215621963995
1954-01-01 14:17:30,0.7031438292661214,0.6998125229856582,0.0007961783439490446,0.0,0.0,0.2619426751592357,7.440806321797029,0.009394333721434604,0.009210429524106669,0.99,0.01253211981929193
1954-02-01 14:17:30,0.6960950395759007,0.690399909258173,0.0003980891719745223,0.0,0.0,0.27388535031847133,6.44515156229063,0.011353864651583986,0.009706970856892096,0.99,0.014179013613983821
1954-03-01 14:17:30,0.6987605767593263,0.6844626510974646,0.0,0.0,0.0,0.285828025477707,5.41370197079257,0.014482138463372625,0.011069764374332554,0.99,0.017591387703023893
1954-04-01 14:17:30,0.6877935729587474,0.6802009477674998,0.0,0.0,0.0,0.27985668789808915,5.245636866801689,0.01597968936678614,0.01564897888779815,0.99,0.017922098182011886
1954-05-01 14:17:30,0.6937421086307697,0.6809900874594847,0.0,0.0,0.0003980891719745223,0.7046178343949044,12.855975768532977,0.014113061763907597,0.011599281632156093,0.99,0.015408318050260383
1954-06-01 14:17:30,0.7075003550513362,0.6868126405792475,0.0,0.0,0.0,0.7101910828025477,13.641260392832061,0.011838991241086987,0.01019653651322715,0.99,0.013765863322400545
1954-07-01 14:17:30,0.7074821071835627,0.6910798434930434,0.0,0.0,0.0,0.7269108280254777,14.170511784729404,0.01043339243633744,0.009296674251129426,0.99,0.012629145137192531
1954-08-01 14:17:30,0.673958473450018,0.6648011539139285,0.0,0.0,0.0,0.6990445859872612,13.954597173306023,0.009666068026796744,0.00875827885964178,0.99,0.011721355970037567
1954-09-01 14:17:30,0.6709658466469596,0.6679616420990561,0.0,0.0,0.0,0.4534235668789809,8.744324029491056,0.009075355061931323,0.00903603761284742,0.99,0.011682038520953664
1954-10-01 14:17:30,0.6934345177600082,0.6641081440163407,0.0,0.0,0.0,0.44187898089171973,9.156210643921359,0.009039208374870315,0.008634619140748858,0.99,0.011277449286832206
1954-11-01 14:17:30,0.6947137625289129,0.6460692528574146,0.0,0.0,0.0,0.43869426751592355,9.85549705972929,0.008419324399394258,0.007906612180292065,0.99,0.010764737067730012
1954-12-01 14:17:30,0.693173115013865,0.6355537405466635,0.0,0.0,0.0,0.7448248407643312,20.2705789943015,0.008269347355711304,0.008193249067161812,0.99,0.010840835356279504
1955-01-01 14:17:30,0.6974647588493835,0.6344868909576122,0.0,0.0,0.0,0.4140127388535032,11.88732282057539,0.008282981632409753,0.007636463255941374,0.99,0.010194316979811125
1955-02-01 14:17:30,0.7098513562252362,0.6503587570586863,0.0,0.0,0.0,0.23964968152866242,8.539688908662038,0.0071586294190910315,0.0071050435409040985,0.99,0.010140731101624192
1955-03-01 14:17:30,0.724980329646082,0.6580775821114022,0.0,0.0,0.0,0.9164012738853503,25.26741940080322,0.006113229180142405,0.005737810956631585,0.99,0.010516149325135012
1955-04-01 14:17:30,0.7243138477121764,0.6485634536600161,0.0007961783439490446,0.0,0.0,0.46695859872611467,11.479092941102104,0.005644907629360749,0.005181025145411146,0.99,0.010052266841185408
1955-05-01 14:17:30,0.7455132901950052,0.6268063675926078,0.0003980891719745223,0.0,0.0003980891719745223,0.34355095541401276,9.792509552746886,0.005203854631975993,0.004107405124458751,0.99,0.008955817333668166
1955-06-01 14:17:30,0.7624057440169524,0.607609245850349,0.0003980891719745223,0.0,0.0,0.8738057324840764,23.621638393160637,0.0044574572517864074,0.003227201586902977,0.99,0.0077255616687847365
1955-07-01 14:17:30,0.7589172429716446,0.6203559527661612,0.0,0.0,0.0,0.3678343949044586,12.891651112179774,0.00379508506520355,0.0030204679030101946,0.99,0.00695094450659138
1955-08-01 14:17:30,0.7480101615031967,0.6110475824123841,0.0,0.0003980891719745223,0.0,0.34076433121019106,13.55858754761974,0.003491326063410167,0.0031193956781245323,0.99,0.006579014121305746
1955-09-01 14:17:30,0.7372000143921131,0.6040529248950721,0.0,0.0007961783439490446,0.0,0.6902866242038217,27.050285226521098,0.0033461051627615562,0.0030914929723230523,0.99,0.006324401930867241
1955-10-01 14:17:30,0.6932307051628182,0.6076836545766321,0.0,0.0003980891719745223,0.0007961783439490446,0.24721337579617833,11.27788099340442,0.00364923001215036,0.003485301615566666,0.99,0.006488330327450936
1955-11-01 14:17:30,0.6505857980711356,0.6160354456420015,0.0003980891719745223,0.0,0.0,0.2002388535031847,7.742741621475207,0.0045151651206031046,0.004291943474191266,0.99,0.006711551973862775
1955-12-01 14:17:30,0.6513000808927644,0.6205030482067007,0.0,0.0,0.0,0.25079617834394907,11.719872888780083,0.004809728912530091,0.004542433674000005,0.99,0.0064442567353326895
1956-01-01 14:17:30,0.6612229967281078,0.6131815791858429,0.0,0.0,0.0,0.1875,6.8454977318998464,0.00430272406506911,0.004056038779687845,0.99,0.006197571449951424
1956-02-01 14:17:30,0.711670918503724,0.6615139212015806,0.0003980891719745223,0.0,0.0,0.18312101910828024,6.093705680966189,0.004211406118809722,0.0034593013669789235,0.99,0.006949676201782222
1956-03-01 14:17:30,0.7507992581776913,0.6960358575106829,0.0,0.0,0.0,0.16401273885350318,5.579386791164987,0.004050331408046633,0.0029767113870942377,0.99,0.008023296222734618
1956-04-01 14:17:30,0.7679661825793647,0.6924437757246229,0.0,0.0,0.0,0.12937898089171976,5.0036630641945115,0.0037440357966349335,0.0033077389422845214,0.99,0.007586999368384206
1956-05-01 14:17:30,0.7564574169390843,0.7024797591437699,0.0,0.0,0.0,0.16003184713375795,7.055468784000078,0.0037101086429899527,0.003428862051559127,0.99,0.00786824595981503
1956-06-01 14:17:30,0.7329306119322968,0.7082108409592227,0.0,0.0,0.0,0.12699044585987262,4.684423884243074,0.004709215756404305,0.003463106281406398,0.99,0.009114355434812937
1956-07-01 14:17:30,0.6924970812887995,0.7019654155658257,0.0,0.0,0.0007961783439490446,0.15047770700636942,5.521881522788872,0.0063326459121267695,0.0060536188541119714,0.99,0.00883532837679814
1956-08-01 14:17:30,0.6964531429465434,0.7185247114717118,0.0003980891719745223,0.0,0.0003980891719745223,0.1393312101910828,3.672011103666124,0.006673819905790319,0.006363085227546566,0.99,0.009146063055041892
1956-09-01 14:17:30,0.7339804363990007,0.7306281113015625,0.0003980891719745223,0.0003980891719745223,0.0003980891719745223,0.1393312101910828,3.787501335517647,0.00704099414804161,0.005976252260753322,0.99,0.010210804942330181
1956-10-01 14:17:30,0.7284220691558025,0.7282911642945271,0.0003980891719745223,0.0,0.0003980891719745223,0.14171974522292993,3.9725488528354846,0.006744527898900887,0.0060225453862875955,0.99,0.010932787454943471
1956-11-01 14:17:30,0.7286211870490262,0.7248143796493074,0.0,0.0,0.0003980891719745223,0.12818471337579618,3.831499458889698,0.007372338779434184,0.005948983707356421,0.99,0.012356142527021233
1956-12-01 14:17:30,0.7272876102367437,0.7339315950730767,0.0,0.0,0.0003980891719745223,0.12460191082802548,3.393613455115816,0.008084809005978789,0.00648547664163033,0.99,0.013955474891369694
1957-01-01 14:17:30,0.7268733725623828,0.7397236764910984,0.0011942675159235668,0.0,0.0003980891719745223,0.12460191082802548,3.2756732687962793,0.0096765315414723,0.008023296222734618,0.99,0.015608710210107374
1957-02-01 14:17:30,0.7379504605447221,0.73926952106525,0.0003980891719745223,0.0,0.0,0.14371019108280256,3.2758175607259292,0.011334205927042033,0.008241444649909823,0.99,0.018701471487239586
1957-03-01 14:17:30,0.7429955503974845,0.7405785397847228,0.0003980891719745223,0.0,0.0003980891719745223,0.14888535031847133,2.998252608687358,0.013127271850989405,0.011062788697882185,0.99,0.020765954640346806
1957-04-01 14:17:30,0.7316646093737212,0.746414795026961,0.0,0.0,0.0,0.14928343949044587,2.939178690344062,0.015657539945259966,0.014841068724364389,0.99,0.021582425861242382
1957-05-01 14:17:30,0.7383924582559954,0.7547127594219355,0.0,0.0,0.0003980891719745223,0.12380573248407643,2.946278717549436,0.016781892158578688,0.01340851844242023,0.99,0.018209052145083924
1957-06-01 14:17:30,0.7408092070104616,0.759909505514329,0.0003980891719745223,0.0,0.0003980891719745223,0.13136942675159236,3.4888430729983515,0.013583227429881769,0.010268195734944589,0.99,0.014894020450146744
1957-07-01 14:17:30,0.7893313061167653,0.77097990113688,0.0011942675159235668,0.0003980891719745223,0.0007961783439490446,0.15047770700636942,3.9351153328821944,0.010768859058359777,0.010063364508265542,0.99,0.014188525900052509
1957-08-01 14:17:30,0.7911333347605553,0.7594668924606043,0.0,0.0007961783439490446,0.0,0.16162420382165604,4.379205657953086,0.009234527315480676,0.008926963399259817,0.99,0.014496089816273365
1957-09-01 14:17:30,0.7734341190800316,0.7536165980456327,0.0007961783439490446,0.0003980891719745223,0.0003980891719745223,0.15047770700636942,4.211849472816786,0.008867353073229382,0.007073335920675144,0.99,0.012702072663719127
1957-10-01 14:17:30,0.7623817002667245,0.7392381462851916,0.0007961783439490446,0.0,0.0,0.21297770700636942,5.477730192719486,0.008054052614356703,0.00722236173575123,0.99,0.011870381785113654
1957-11-01 14:17:30,0.7677381958064299,0.732926835612229,0.0003980891719745223,0.0,0.0007961783439490446,0.24522292993630573,6.84974926749998,0.007576852929910939,0.007505827860598082,0.99,0.011799356715800794
1957-12-01 14:17:30,0.7479345976729385,0.7006808345591821,0.0003980891719745223,0.0,0.0003980891719745223,0.41162420382165604,11.399380787143567,0.007794367204681567,0.007382802294109739,0.99,0.011387791805228968
1958-01-01 14:17:30,0.7402895388933278,0.6813491350883747,0.0007961783439490446,0.0,0.0003980891719745223,0.42794585987261147,10.99623734293774,0.008222420077772451,0.00768782960071228,0.99,0.011922382282289139
1958-02-01 14:17:30,0.7144853046291345,0.676633166595544,0.0,0.0,0.0003980891719745223,0.27388535031847133,6.694246884236828,0.009930509579506223,0.0077125615444908644,0.99,0.014140330317304496
1958-03-01 14:17:30,0.6734092076841254,0.6713645954258592,0.0,0.0,0.0003980891719745223,0.27985668789808915,6.139391822581356,0.012161140662613165,0.011089423098874507,0.99,0.015212047881043156
1958-04-01 14:17:30,0.6605221884565732,0.6657279463062117,0.0,0.0,0.0,0.27985668789808915,5.6520145694020005,0.0120599933540828,0.011796503029980188,0.99,0.014948557556940544
1958-05-01 14:17:30,0.6679062029455891,0.6564173963990714,0.0,0.0,0.0,0.4538216560509554,8.948399523749556,0.011868796404102206,0.011793966420361873,0.99,0.014873727573200213
1958-06-01 14:17:30,0.687513445983944,0.6499795213321546,0.0003980891719745223,0.0,0.0,0.44028662420382164,9.346608022136465,0.01129552263036271,0.009812874308456803,0.99,0.013391079251294305
1958-07-01 14:17:30,0.6750189443592497,0.6520055971926579,0.0,0.0,0.0,0.7265127388535032,16.112224159442512,0.010225390447635499,0.009176819446663978,0.99,0.012342508250322784
1958-08-01 14:17:30,0.6704300681400358,0.6476856784219822,0.0,0.0,0.0,0.7492038216560509,17.809077371535654,0.009816045070479697,0.009275113069373736,0.99,0.011801576249216822
1958-09-01 14:17:30,0.6708438112808421,0.648395347193614,0.0,0.0,0.0,0.4864649681528662,11.305702755711332,0.009213917362331854,0.009056330489793952,0.99,0.011643989376678918
1958-10-01 14:17:30,0.6830846582637736,0.6441989481632933,0.0,0.0,0.0,0.45820063694267515,11.338371847303193,0.009069647690290112,0.008955500257465877,0.99,0.011758136809503154
1958-11-01 14:17:30,0.6794268660423564,0.6301370445286477,0.0,0.0,0.0,0.4693471337579618,11.120777265716635,0.009447919599621537,0.009417163207999452,0.99,0.011727380417881067
1958-12-01 14:17:30,0.6746058732798643,0.6172589225647438,0.0,0.0,0.0,0.4749203821656051,12.026566028818207,0.009604555243552573,0.009380382368533864,0.99,0.01150320754286236
1959-01-01 14:17:30,0.6660999820798043,0.6117365640906957,0.0003980891719745223,0.0,0.0,0.4446656050955414,10.396697379786927,0.009033183927026815,0.007885050998536376,0.99,0.010355074614371922
1959-02-01 14:17:30,0.6757100964190913,0.6196504424001059,0.0,0.0,0.0,0.4450636942675159,10.666114785528066,0.007739513021685475,0.007197629791972645,0.99,0.009813191384659093
1959-03-01 14:17:30,0.7042275514518225,0.642045130356417,0.0003980891719745223,0.0,0.0,0.35788216560509556,10.598086592069562,0.006907187990675423,0.0062546451663635415,0.99,0.010465734208970973
1959-04-01 14:17:30,0.719464357090992,0.647978789334222,0.0,0.0,0.0,0.4434713375796178,13.763070780755971,0.00653398930058063,0.00567883478300573,0.99,0.011320888726545873
1959-05-01 14:17:30,0.7305401298585216,0.6376338350913785,0.0007961783439490446,0.0,0.0,0.5481687898089171,14.36002901496232,0.0059553252314022125,0.005116341600144079,0.99,0.010481905095287741
1959-06-01 14:17:30,0.7551836206984139,0.6152190709597943,0.0003980891719745223,0.0,0.0003980891719745223,0.901671974522293,25.32534914669906,0.005359856123502449,0.004187942479840295,0.99,0.009309991451625586
1959-07-01 14:17:30,0.7714821319683876,0.6194586355519363,0.0011942675159235668,0.0,0.0,0.7372611464968153,22.33516440932466,0.004290358093179817,0.0038106217991157377,0.99,0.008830255157561506
1959-08-01 14:17:30,0.7821888588392308,0.6137064403202426,0.0007961783439490446,0.0,0.0,0.7472133757961783,22.255276189642686,0.004357578248065201,0.0032868119129334113,0.99,0.0077594888224297165
1959-09-01 14:17:30,0.7953718989617139,0.6037661799776124,0.0,0.0,0.0,0.39012738853503187,13.326298859847057,0.003691718223257159,0.0028695396307203717,0.99,0.00693731022989293
1959-10-01 14:17:30,0.7621969710097212,0.6093415592094229,0.0,0.0003980891719745223,0.0,0.4164012738853503,12.776217071837136,0.003442813404459867,0.003010321464536929,0.99,0.006504818289969992
1959-11-01 14:17:30,0.720367923651136,0.6269569233515615,0.0007961783439490446,0.0,0.0,0.30971337579617836,12.331194264910415,0.003504643263906328,0.003430130356368285,0.99,0.006579331197508034
1959-12-01 14:17:30,0.690985545084964,0.6377258148953863,0.0,0.0003980891719745223,0.0,0.23089171974522293,7.808927849450509,0.004072209666004612,0.003463106281406398,0.99,0.005970227812909821
1960-01-01 14:17:30,0.7052542912152461,0.6267952129043821,0.0,0.0003980891719745223,0.0,0.17396496815286625,6.521484728367243,0.0036004002769977703,0.0029120278418271707,0.99,0.005281855377739221
1960-02-01 14:17:30,0.7014993966820446,0.6458409429336281,0.0,0.0003980891719745223,0.0,0.1695859872611465,8.313025390851513,0.0032912509797654653,0.002901247250949326,0.99,0.0056718591065553605
1960-03-01 14:17:30,0.732467221361611,0.6613395441927473,0.0,0.0,0.0,0.11863057324840764,6.557974482974895,0.003341349019727213,0.0027236845776671815,0.99,0.006289523548615392
1960-04-01 14:17:30,0.7412440670843726,0.6678247429357793,0.0,0.0,0.0,0.0911624203821656,4.43893151839034,0.003372739563753878,0.0030845172958726824,0.99,0.006577745816496587
1960-05-01 14:17:30,0.7195746689097987,0.6836951579612625,0.0,0.0,0.0,0.13535031847133758,4.430734617523636,0.0040867951713099305,0.003861988143886644,0.99,0.006802552843919874
1960-06-01 14:17:30,0.722604723901793,0.7055469924848912,0.0,0.0,0.0,0.11265923566878981,4.311944415434423,0.005164220106689801,0.004768826082434739,0.99,0.007197946868174934
1960-07-01 14:17:30,0.7623149878850813,0.7249066535406279,0.0,0.0,0.0003980891719745223,0.1357484076433121,4.0593274941469915,0.005818982464417709,0.005021218739457216,0.99,0.007995710593135428
1960-08-01 14:17:30,0.8184184302767189,0.7408400098306097,0.0007961783439490446,0.0,0.0003980891719745223,0.1393312101910828,4.263461691487473,0.006289523548615392,0.0045690680749923265,0.99,0.009716166066758491
1960-09-01 14:17:30,0.8273422211611022,0.7615894117289885,0.0015923566878980893,0.0003980891719745223,0.0003980891719745223,0.13136942675159236,4.452295475777392,0.006169034591745365,0.004721898804495887,0.99,0.01116330185400797
1960-10-01 14:17:30,0.789138196876347,0.7549553475765866,0.0019904458598726115,0.0,0.0007961783439490446,0.11345541401273886,3.53381026725427,0.006090716769779848,0.0058950807529671995,0.99,0.011358937870820618
1960-11-01 14:17:30,0.7750194726434508,0.7422270525100728,0.0,0.0,0.0003980891719745223,0.12818471337579618,3.703822976480544,0.007364728950579235,0.006162058915294995,0.99,0.012561607906104858
1960-12-01 14:17:30,0.772995109614862,0.7309172359748861,0.0019904458598726115,0.0,0.0003980891719745223,0.11624203821656051,2.8597115409182656,0.008020759613116301,0.007311777224796881,0.99,0.013270590294424279
1961-01-01 14:17:30,0.7616353137042394,0.7192258108223195,0.002786624203821656,0.0,0.0007961783439490446,0.19904458598726116,5.537000418783343,0.008425348847237758,0.007948466238994286,0.99,0.013747472902667751
1961-02-01 14:17:30,0.7398096081044029,0.7172016680655332,0.0003980891719745223,0.0,0.0011942675159235668,0.20461783439490447,6.079295613212462,0.010165145969200486,0.008397446141436279,0.99,0.01551517273043196
1961-03-01 14:17:30,0.7048750634653892,0.7045446793766997,0.0,0.0,0.0015923566878980893,0.2320859872611465,6.770933176238318,0.013088271478107791,0.011986114598949337,0.99,0.016617329609590413
1961-04-01 14:17:30,0.691869615563738,0.7156385905649415,0.0003980891719745223,0.0,0.0007961783439490446,0.20621019108280256,5.021220046610157,0.013538836761561233,0.011468012084408221,0.99,0.014546504932437403
1961-05-01 14:17:30,0.730816425655927,0.7174635558600653,0.0011942675159235668,0.0,0.0,0.25079617834394907,6.324155598605951,0.010902348139523675,0.009399406940671238,0.99,0.013043563733584965
1961-06-01 14:17:30,0.7544368347826756,0.7238854706442179,0.0015923566878980893,0.0003980891719745223,0.0,0.19506369426751594,4.94810617074805,0.009270674002541683,0.009137501997580075,0.99,0.012910391728623356
1961-07-01 14:17:30,0.7590847058643083,0.7338151957049873,0.0019904458598726115,0.0003980891719745223,0.0,0.17277070063694266,4.983163470480307,0.008194517371970972,0.007536267176017878,0.99,0.01356864192457645
1961-08-01 14:17:30,0.7434395398317952,0.7231511510567747,0.0019904458598726115,0.0,0.0,0.4804936305732484,14.669758718938219,0.008852767567924065,0.008320713700482209,0.99,0.013036588057134594
1961-09-01 14:17:30,0.7242810909240518,0.7143523212548754,0.0003980891719745223,0.0,0.0,0.17914012738853502,5.9177405195677855,0.008363836063993588,0.007018798813881342,0.99,0.01169155080702235
1961-10-01 14:17:30,0.7257010815149484,0.7047471666836352,0.0003980891719745223,0.0,0.0,0.2340764331210191,7.453417355290014,0.0073707533984227365,0.0060403016536158104,0.99,0.010361099062215424
1961-11-01 14:17:30,0.7132061646102208,0.683357680526087,0.0,0.0,0.0,0.30254777070063693,8.745225966962984,0.006762601242431391,0.005896349057776357,0.99,0.00949484687756039
1961-12-01 14:17:30,0.690705765021672,0.6618114838131094,0.0003980891719745223,0.0,0.0,0.2802547770700637,7.663662101951259,0.006952529887602828,0.006667478381744528,0.99,0.00977989838341869
1962-01-01 14:17:30,0.7017967316861995,0.6551419748521241,0.0003980891719745223,0.0,0.0,0.27985668789808915,7.644934547692599,0.008130785055310773,0.00669411278273685,0.99,0.011216570655992613
1962-02-01 14:17:30,0.6885056611853229,0.6541791585227678,0.0,0.0,0.0,0.5414012738853503,15.771624421031873,0.009581408680785436,0.008491300697313985,0.99,0.012306678639464065
1962-03-01 14:17:30,0.6927242968359428,0.6524602449661461,0.0,0.0,0.0,0.2914012738853503,6.726151952964769,0.010265024972921692,0.01024600040078432,0.99,0.012287654067326693
1962-04-01 14:17:30,0.6699472002642287,0.6418069142020035,0.0,0.0,0.0,0.47253184713375795,12.61347722356977,0.01001707138273127,0.009034135155633683,0.99,0.011304717840229106
1962-05-01 14:17:30,0.6555588459919887,0.6274829129294868,0.0,0.0,0.0,0.7205414012738853,17.699795464809423,0.010022461678170192,0.00992575343647188,0.99,0.011208009598530796
1962-06-01 14:17:30,0.6557648668541917,0.6298379420758454,0.0,0.0,0.0,0.4052547770700637,8.186730972348858,0.010161023978570723,0.010152145844906615,0.99,0.011216887732194904
1962-07-01 14:17:30,0.6515458638965719,0.6264869041022681,0.0,0.0,0.0,0.3546974522292994,9.645095596722397,0.010173072874257725,0.00988453353017424,0.99,0.010928348388111419
1962-08-01 14:17:30,0.6611033527033556,0.6273074692243792,0.0,0.0,0.0,0.6667993630573248,15.047243065619503,0.009443480532789485,0.008997988468572676,0.99,0.010482856323894608
1962-09-01 14:17:30,0.6701819457724427,0.6348989293961674,0.0,0.0,0.0,0.6747611464968153,18.750276184738883,0.008796010927714235,0.008642863122008387,0.99,0.010636004129600458
1962-10-01 14:17:30,0.6738787070277766,0.6340433648529639,0.0,0.0,0.0,0.45262738853503187,10.273354582511002,0.008638106978974042,0.008524276622352096,0.99,0.010749834486222406
1962-11-01 14:17:30,0.6631565096182928,0.6294119821236477,0.0007961783439490446,0.0,0.0,0.7488057324840764,15.064815656738514,0.009137184921377784,0.009104526072541962,0.99,0.010717175637386582
1962-12-01 14:17:30,0.6628028304894561,0.6094167146678178,0.0007961783439490446,0.0,0.0,0.7507961783439491,13.994133655451012,0.009278283831396632,0.009240868839526465,0.99,0.010754590629256749
1963-01-01 14:17:30,0.6705920243536678,0.6111140386434574,0.0003980891719745223,0.0,0.0,0.7535828025477707,13.924175297533228,0.00889747531244689,0.00865364371288623,0.99,0.010510759029696089
1963-02-01 14:17:30,0.6847618856489193,0.6202571373100196,0.0,0.0,0.0,0.46337579617834396,8.45492796387024,0.008442153885959106,0.008247786173955614,0.99,0.010316391317692599
1963-03-01 14:17:30,0.7103788789685077,0.6395144166778187,0.0,0.0,0.0,0.7603503184713376,16.379557709388546,0.007622511903040634,0.00721538605930086,0.99,0.010723517161432373
1963-04-01 14:17:30,0.7460018275722793,0.6538004846372194,0.0,0.0,0.0,0.5262738853503185,14.182945645488708,0.007075555454091171,0.006352304636668722,0.99,0.011446767978854822
1963-05-01 14:17:30,0.7644384883037539,0.6456291791044206,0.0,0.0,0.0,0.6536624203821656,13.323067438085417,0.006732796079416174,0.006402402676630469,0.99,0.011116374576069118
1963-06-01 14:17:30,0.7654945841246312,0.6259014817324581,0.0003980891719745223,0.0,0.0003980891719745223,0.643312101910828,12.884050247038498,0.005835153350734475,0.004798631245449957,0.99,0.010079852470784599
1963-07-01 14:17:30,0.7450745449909733,0.6269436278854028,0.0007961783439490446,0.0,0.0,0.8953025477707006,18.953440743734458,0.005396954039170326,0.005177220230983672,0.99,0.009860118662597945
1963-08-01 14:17:30,0.7265904932397523,0.6207271034902163,0.0011942675159235668,0.0,0.0,0.9625796178343949,19.525689071091154,0.006155400315046915,0.005822787378845183,0.99,0.010192731598799677
1963-09-01 14:17:30,0.7136609577509425,0.6052923863000622,0.0,0.0003980891719745223,0.0,0.9705414012738853,17.380718849200406,0.006548891882088239,0.0057993237398757565,0.99,0.010942299741012157
1963-10-01 14:17:30,0.7112308940511606,0.608913632204766,0.0011942675159235668,0.0007961783439490446,0.0003980891719745223,0.9363057324840764,20.028339873174314,0.00769480527716265,0.006093570455600454,0.99,0.012543534562574355
1963-11-01 14:17:30,0.7302100737904257,0.6274247799617009,0.0,0.0,0.0,0.5605095541401274,12.982947686764964,0.008217346858535817,0.006599624074454566,0.99,0.014161257346655609
1963-12-01 14:17:30,0.714377071906146,0.6361373128748931,0.0007961783439490446,0.0,0.0,0.5103503184713376,12.847484812086018,0.009159063179335764,0.00810446773052074,0.99,0.013106661897840583
1964-01-01 14:17:30,0.7052656037459742,0.6274959252131831,0.0003980891719745223,0.0,0.0,0.6644108280254777,18.039363009347145,0.008710717429298348,0.0067613329376222326,0.99,0.011157277406164469
1964-02-01 14:17:30,0.7140599080245347,0.6608465253417969,0.0015923566878980893,0.0,0.0,0.5688694267515924,18.071229425822043,0.007487754517067578,0.0067169422693016964,0.99,0.010386465158398587
1964-03-01 14:17:30,0.7560876251226589,0.6805877832779712,0.0007961783439490446,0.0,0.0,0.23805732484076433,7.418249021453699,0.006341841121993166,0.00629776752987492,0.99,0.010430538750516834
1964-04-01 14:17:30,0.7775093341997581,0.6891442855743406,0.0,0.0,0.0,0.2161624203821656,7.121320505549195,0.005593224208387554,0.004815119207969013,0.99,0.011208643750935375
1964-05-01 14:17:30,0.7909959562731155,0.6921251613948903,0.0,0.0,0.0,0.21536624203821655,5.037407232082114,0.005101121942434181,0.004728874480946257,0.99,0.0115808912124233
1964-06-01 14:17:30,0.7482241179013106,0.688923440452178,0.0003980891719745223,0.0,0.0,0.23328025477707007,6.361011874291647,0.0059955939090929845,0.004652142039992187,0.99,0.012924343081524098
1964-07-01 14:17:30,0.7036881608022585,0.6896266550275554,0.0003980891719745223,0.0,0.0,0.20063694267515925,5.251326407198926,0.00834037242502416,0.006139863581134727,0.99,0.01512485192541353
1964-08-01 14:17:30,0.6996959148315605,0.7006503975210165,0.0003980891719745223,0.0,0.0,0.20063694267515925,5.786542180611499,0.010250756543818663,0.00821607855372666,0.99,0.017159529915505532
1964-09-01 14:17:30,0.715894684785119,0.7123873706454513,0.0,0.0,0.0,0.17277070063694266,3.099598033307768,0.011063422850286764,0.010186390074753885,0.99,0.018036562691038413
1964-10-01 14:17:30,0.7420872436269027,0.7120043371097111,0.0,0.0,0.0,0.16560509554140126,3.404163330125768,0.010974958589847981,0.009810337698838486,0.99,0.019201183582047907
1964-11-01 14:17:30,0.7441886758599162,0.7054407531650561,0.0,0.0,0.0,0.16560509554140126,3.633962324803909,0.010865884376260378,0.009620726129869339,0.99,0.020446341828438942
1964-12-01 14:17:30,0.7545098173576087,0.7221170753304049,0.0,0.0,0.0,0.1839171974522293,4.584748198130884,0.010942616817214448,0.008803937832771475,0.99,0.02258502081288192
1965-01-01 14:17:30,0.7706324483834897,0.7325324800409332,0.0,0.0,0.0,0.20621019108280256,4.644653250854801,0.011799990868205374,0.00848686163048193,0.99,0.025898150050605365
1965-02-01 14:17:30,0.7852544641627685,0.7465484875220821,0.0,0.0,0.0,0.20621019108280256,4.579082320560148,0.012356459603223523,0.009303015775175217,0.99,0.02895159387865367
1965-03-01 14:17:30,0.7914240419145823,0.7504991858053088,0.0,0.0,0.0,0.18511146496815287,3.1706262767626376,0.01405567097129319,0.011909382157995268,0.99,0.03109788269195159
1965-04-01 14:17:30,0.7758492024302798,0.7539552008147941,0.0,0.0,0.0,0.20621019108280256,4.298046896064868,0.015455879480603814,0.013722423882686878,0.99,0.029364427094034654
1965-05-01 14:17:30,0.7572810008354967,0.7498955274101455,0.0,0.0,0.0003980891719745223,0.20621019108280256,4.501265296732492,0.014887678926100953,0.009365796863228547,0.99,0.02384254503116225
1965-06-01 14:17:30,0.7707595044368214,0.7460596198405793,0.0,0.0,0.0003980891719745223,0.21178343949044587,5.769008490824431,0.012467436274024864,0.007610463007353631,0.99,0.01898557176449102
1965-07-01 14:17:30,0.8040773213358552,0.7497558912674848,0.0,0.0,0.0003980891719745223,0.33996815286624205,9.713897592650037,0.009461236800117699,0.006990896108079863,0.99,0.01651523107245318
1965-08-01 14:17:30,0.8148192212580925,0.7524465176712231,0.0,0.0,0.0,0.1942675159235669,5.342690949065961,0.008069589348268891,0.007318118748842672,0.99,0.01576376047302696
1965-09-01 14:17:30,0.7834227939268219,0.7418549303098141,0.0011942675159235668,0.0,0.0,0.1839171974522293,4.483422618390724,0.008345445644260794,0.007086653121171305,0.99,0.014504967949937471
1965-10-01 14:17:30,0.7659159009253724,0.7285957588642581,0.0003980891719745223,0.0,0.0,0.22014331210191082,6.816824756758378,0.007511218156037004,0.006278108805332968,0.99,0.013271858599233436
1965-11-01 14:17:30,0.7542852625727385,0.7113078217284351,0.0,0.0,0.0,0.36504777070063693,9.82205691794463,0.007120580274816286,0.006844406902622093,0.99,0.012995685227039245
1965-12-01 14:17:30,0.7388984833022777,0.68664446766008,0.0,0.0,0.0,0.285828025477707,7.309809619590004,0.008044540328288018,0.007405631780674586,0.99,0.013634593774652674
1966-01-01 14:17:30,0.744729108751839,0.6808572284803523,0.0003980891719745223,0.0,0.0,0.27985668789808915,7.217307790400268,0.009314747594659929,0.007432900334071487,0.99,0.015516441035241118
1966-02-01 14:17:30,0.7299530013657437,0.6781218408916717,0.0,0.0,0.0,0.27985668789808915,6.65055085105373,0.011285693268091734,0.008865450616015645,0.99,0.017936683687317205
1966-03-01 14:17:30,0.7078690831896983,0.6696844578410294,0.0,0.0,0.0,0.27985668789808915,5.572434142043768,0.013408835518622519,0.012159238205399428,0.99,0.019186281000540296
1966-04-01 14:17:30,0.6877096281024195,0.6709948413323363,0.0,0.0,0.0,0.27985668789808915,5.56722932927703,0.014118452059346519,0.013952621205549087,0.99,0.019020450146742866
1966-05-01 14:17:30,0.6819875007461086,0.663901679547709,0.0,0.0,0.0,0.27985668789808915,6.070192180217028,0.014108305620873254,0.013371737602954643,0.99,0.018283882128824255
1966-06-01 14:17:30,0.6931158822832232,0.6548185835820156,0.0,0.0,0.0,0.27985668789808915,5.98660655807867,0.013473201987687297,0.011791429810743556,0.99,0.016602109951880516
1966-07-01 14:17:30,0.6823513675631255,0.6653751467546765,0.0,0.0,0.0,0.27985668789808915,6.408464908900903,0.011799039639598505,0.009827459813762122,0.99,0.014630530126044131
1966-08-01 14:17:30,0.6837306390097947,0.6668735155663039,0.0,0.0,0.0,0.7265127388535032,15.150116153254366,0.010672467892863757,0.009840142861853704,0.99,0.013798205095034079
1966-09-01 14:17:30,0.6876963253293219,0.6608074232867073,0.0003980891719745223,0.0,0.0,0.4538216560509554,9.890424079790288,0.009976485628838207,0.009486919972503153,0.99,0.013308639438699024
1966-10-01 14:17:30,0.6967894910913424,0.6592491608208287,0.0,0.0,0.0,0.48168789808917195,9.942143056130977,0.009460919723915408,0.0093975044834575,0.99,0.013245224198241114
1966-11-01 14:17:30,0.6991305399189253,0.6463718850384566,0.0,0.0,0.0,0.401671974522293,8.384971162746796,0.009917509455212352,0.00941082168395366,0.99,0.013751911969499805
1966-12-01 14:17:30,0.6942240712360214,0.6319317511336838,0.0,0.0,0.0,0.44546178343949044,9.202189209423468,0.010452417008474813,0.010418489854829831,0.99,0.013717984815854824
1967-01-01 14:17:30,0.682737351249417,0.6217954393837418,0.0,0.0,0.0,0.7070063694267515,15.744542777857761,0.010184487617540148,0.008928865856473555,0.99,0.012462363054788232
1967-02-01 14:17:30,0.7044560555541806,0.6362480041916433,0.0,0.0,0.0,0.48089171974522293,10.187359280068168,0.008940914752160557,0.008037247575635358,0.99,0.011558695878263033
1967-03-01 14:17:30,0.7204342083815718,0.6601823193689046,0.0,0.0,0.0,0.43351910828025475,9.953171286447626,0.007568926024853701,0.007202703011209278,0.99,0.011192472864618608
1967-04-01 14:17:30,0.739052388704644,0.6651508436997967,0.0,0.0,0.0,0.3877388535031847,8.428119971879491,0.006419207715351815,0.0063326459121267695,0.99,0.011279034667843654
1967-05-01 14:17:30,0.7505626708347312,0.6527275088312919,0.0,0.0,0.0,0.3630573248407643,8.75461811596177,0.005625883057223376,0.0051873666694569375,0.99,0.010840518280077214
1967-06-01 14:17:30,0.7581521414431889,0.6360629097426577,0.0,0.0,0.0007961783439490446,0.5433917197452229,14.144721387200121,0.005355417056670395,0.004379456506023179,0.99,0.009864557729429999
1967-07-01 14:17:30,0.7575191574636937,0.6306168691149475,0.0011942675159235668,0.0,0.0007961783439490446,0.4609872611464968,12.64547848478729,0.0047475819768813396,0.003996428453657411,0.99,0.009113404206206068
1967-08-01 14:17:30,0.7509445696960274,0.6295809676450337,0.0,0.0,0.0,0.6763535031847133,16.920569519279972,0.004729508633350836,0.004352187952626279,0.99,0.008736083525481511
1967-09-01 14:17:30,0.7442700411016537,0.6303594148574216,0.0011942675159235668,0.0,0.0,0.7786624203821656,24.066128177068695,0.004861095257300997,0.004759947948770632,0.99,0.008634936216951147
1967-10-01 14:17:30,0.7384888659487019,0.6245421045737868,0.0,0.0003980891719745223,0.0,0.5123407643312102,18.146136983167807,0.005019316282243479,0.004674971526557034,0.99,0.008979280972637593
1967-11-01 14:17:30,0.7128152949426522,0.6368681583956305,0.0007961783439490446,0.0,0.0,0.5473726114649682,16.569929409988298,0.005272343091670535,0.004465067080641356,0.99,0.00978655698366677
1967-12-01 14:17:30,0.7031953268133484,0.6483000770396997,0.0,0.0,0.0,0.6819267515923567,20.383107346924763,0.005728298670562899,0.005534882187166277,0.99,0.009979973467063393
1968-01-01 14:17:30,0.681811091781357,0.6433619127447918,0.0,0.0,0.0003980891719745223,0.3996815286624204,11.520079265008613,0.006169034591745365,0.004842387761365914,0.99,0.008653326636683941
1968-02-01 14:17:30,0.7007823192088585,0.646805307819692,0.0003980891719745223,0.0,0.0003980891719745223,0.21138535031847133,7.365838642185943,0.005701664269570577,0.00546322296544884,0.99,0.008414885332562204
1968-03-01 14:17:30,0.7345555807866525,0.6675727346761782,0.0007961783439490446,0.0,0.0003980891719745223,0.2018312101910828,5.67921031887301,0.0052228792041133665,0.004613458743312863,0.99,0.009024305793362707
1968-04-01 14:17:30,0.745432923885402,0.6839131176533757,0.0007961783439490446,0.0,0.0,0.19705414012738853,4.851465099951964,0.005342416932376524,0.00423296730056541,0.99,0.010133755425173821
1968-05-01 14:17:30,0.7619133350911308,0.6923515698895659,0.0,0.0,0.0003980891719745223,0.1767515923566879,4.352689912123892,0.005568492264608969,0.004396578620946815,0.99,0.011305669068835976
1968-06-01 14:17:30,0.7527613421112045,0.6916839593845567,0.0,0.0,0.0003980891719745223,0.17953821656050956,3.734237700819583,0.006293962615447445,0.004048428950832896,0.99,0.013551202733450524
1968-07-01 14:17:30,0.7392661809732729,0.7175584286468737,0.0,0.0,0.0003980891719745223,0.1393312101910828,3.012619083006909,0.00788917298916614,0.005049755597663275,0.99,0.01639062012495339
1968-08-01 14:17:30,0.7456234374039802,0.7268374417385205,0.0,0.0,0.0007961783439490446,0.14769108280254778,3.4073679736215485,0.009872801710689527,0.0097735568593729,0.99,0.016489864976270016
1968-09-01 14:17:30,0.7726453055008259,0.740971579621772,0.0,0.0,0.0,0.1393312101910828,3.581903400396594,0.009164453474774686,0.00857056974788637,0.99,0.017083748703158333
1968-10-01 14:17:30,0.7654331580432708,0.7423524578987085,0.0003980891719745223,0.0,0.0,0.17277070063694266,4.657086575396434,0.008389519236379041,0.00674230836548486,0.99,0.018730959574052512
1968-11-01 14:17:30,0.7624322422315949,0.734576636111842,0.0007961783439490446,0.0,0.0,0.17834394904458598,4.340793890418258,0.009341064919449962,0.008351153015902005,0.99,0.019720871477600467
1968-12-01 14:17:30,0.7567545895282405,0.7260136080635138,0.0003980891719745223,0.0,0.0,0.1839171974522293,4.3975633379211905,0.00956492071826638,0.009164770550976975,0.99,0.020121021644889873
1969-01-01 14:17:30,0.742393289737201,0.7338783502414833,0.0,0.0,0.0,0.1839171974522293,4.2064905435893545,0.010366172281452056,0.009256088497236364,0.99,0.021231105429105567
1969-02-01 14:17:30,0.7550659056927819,0.7272483819600322,0.0,0.0,0.0,0.19506369426751594,4.475494403475276,0.01181584467831985,0.010607467271394399,0.99,0.02243948283603102
1969-03-01 14:17:30,0.7677156041582631,0.7278718744912133,0.0,0.0,0.0,0.18511146496815287,4.496980066594079,0.012864098603089083,0.011053910564218077,0.99,0.024249670874902023
1969-04-01 14:17:30,0.7607647579828197,0.7333548484019317,0.0,0.0,0.0,0.214171974522293,5.194238762180853,0.013605422764042037,0.01340154276596986,0.99,0.0244535508729742
1969-05-01 14:17:30,0.7489777178669644,0.7414237690427383,0.0,0.0,0.0,0.1962579617834395,5.258151827167522,0.01504811948445946,0.01281114687730673,0.99,0.022216578265821466
1969-06-01 14:17:30,0.7394905508708624,0.7326687915120654,0.0003980891719745223,0.0,0.0,0.17834394904458598,5.233975104311172,0.013448470043908712,0.008708814972084611,0.99,0.01747692319399737
1969-07-01 14:17:30,0.7614460846805389,0.7400300575900308,0.0003980891719745223,0.0,0.0,0.1604299363057325,4.6194386369248495,0.011133496690992752,0.008186273390711443,0.99,0.014529699893716056
1969-08-01 14:17:30,0.7963706257503828,0.7463378994401951,0.0,0.0,0.0,0.30812101910828027,9.195315927926679,0.008865450616015645,0.008521105860329201,0.99,0.014185355138029612
1969-09-01 14:17:30,0.7953918474052198,0.7401881325490274,0.0011942675159235668,0.0,0.0,0.17237261146496816,4.7787397158359415,0.008100028663688688,0.008051198928536098,0.99,0.014136525402877024
1969-10-01 14:17:30,0.7677541470234391,0.7369836950841664,0.0007961783439490446,0.0,0.0,0.17834394904458598,6.549703339752473,0.008205615039051106,0.007728415354605341,0.99,0.013659325718431259
1969-11-01 14:17:30,0.7614070635130148,0.7304635189186384,0.0003980891719745223,0.0,0.0,0.24522292993630573,6.533038108484005,0.007869831340826479,0.007011188985026394,0.99,0.012800683362631174
1969-12-01 14:17:30,0.751848324749934,0.7073201183258168,0.0,0.0,0.0,0.3479299363057325,9.638686901383213,0.00741641237155243,0.006519720871477601,0.99,0.011903991862556345
1970-01-01 14:17:30,0.726242234289685,0.6860697156714548,0.0,0.0,0.0,0.26871019108280253,6.791378708376558,0.008065150281436837,0.0072122152972779645,0.99,0.012756926846715217
1970-02-01 14:17:30,0.7201126600982345,0.677934750600195,0.0003980891719745223,0.0,0.0,0.27428343949044587,6.329362896590399,0.00973804432471647,0.007491876507697342,0.99,0.015003094663734347
1970-03-01 14:17:30,0.703438718817475,0.6794933997326712,0.0,0.0,0.0,0.27985668789808915,6.373905663046383,0.011769234476583288,0.009177453599068557,0.99,0.01759487554124908
1970-04-01 14:17:30,0.6877648091930595,0.6697443000459112,0.0,0.0,0.0,0.27985668789808915,5.77774103915283,0.013659325718431259,0.012967782521237764,0.99,0.018286418738442573
1970-05-01 14:17:30,0.6952048522193884,0.6746752353306712,0.0,0.0,0.0,0.27985668789808915,6.03955088591997,0.013462738473011743,0.013461153092000295,0.99,0.018284833357431123
1970-06-01 14:17:30,0.7031518085790549,0.6747902665795379,0.0,0.0,0.0,0.27985668789808915,5.7552913624427635,0.012883440251428745,0.011907479700781529,0.99,0.017308872806783906
1970-07-01 14:17:30,0.6989575185720024,0.6649300456229608,0.0,0.0,0.0,0.42038216560509556,8.257111232746102,0.011699160635877299,0.01000946155387632,0.99,0.01561917372478293
1970-08-01 14:17:30,0.6881882955377968,0.657391828467943,0.0,0.0,0.0,0.42038216560509556,8.307005885495581,0.010935958216966368,0.009922582674448985,0.99,0.014605798182265546
1970-09-01 14:17:30,0.6931541963892958,0.655896615542937,0.0,0.0,0.0,0.3021496815286624,6.6622505393285,0.010159121521356985,0.009696190266014251,0.99,0.014142866926922815
1970-10-01 14:17:30,0.695808579523322,0.6623977817518658,0.0,0.0,0.0,0.2567675159235669,6.469141205313037,0.009887070139792556,0.009589018509640385,0.99,0.014440918557074984
1970-11-01 14:17:30,0.7017361749580341,0.6548880976186748,0.0,0.0,0.0,0.3021496815286624,7.309409767894577,0.010167999655021092,0.009931460808113092,0.99,0.014677457403982986
1970-12-01 14:17:30,0.6931367371300842,0.6379564180559348,0.0,0.0,0.0,0.27985668789808915,7.004318519832444,0.010598272061528002,0.009890240901815452,0.99,0.013969426244270432
1971-01-01 14:17:30,0.6931805375951108,0.629239795449706,0.0,0.0,0.0,0.24522292993630573,6.136572594101154,0.009907680092941377,0.008756376402428042,0.99,0.0128181225537571
1971-02-01 14:17:30,0.7064445019302439,0.6299897268176321,0.0003980891719745223,0.0,0.0,0.31011146496815284,7.609384044023363,0.008837547910214166,0.007457632277850072,0.99,0.011438206921393005
1971-03-01 14:17:30,0.7239513597205287,0.6497487081646348,0.0,0.0,0.0,0.41361464968152867,13.282970216777056,0.007190337039319985,0.006775918442927552,0.99,0.011023788325000571
1971-04-01 14:17:30,0.7556760777461726,0.6601648361861885,0.0003980891719745223,0.0,0.0,0.4056528662420382,10.616687766216264,0.006187425011478159,0.006107521808501193,0.99,0.011103691527977536
1971-05-01 14:17:30,0.7745473909656866,0.6619317441606352,0.0,0.0,0.0,0.3304140127388535,8.559388578688331,0.0055022233383304545,0.005141707696327243,0.99,0.010743175885974324
1971-06-01 14:17:30,0.7668771547175122,0.6344772430144899,0.0003980891719745223,0.0,0.0,0.2734872611464968,7.841260922179617,0.005244757462071345,0.0038011095130470515,0.99,0.009299527936950032
1971-07-01 14:17:30,0.7287252180943197,0.614396834095228,0.0011942675159235668,0.0,0.0,0.44546178343949044,12.371511951960795,0.0052117815370332325,0.004765021168007265,0.99,0.008852767567924065
1971-08-01 14:17:30,0.7096040634502839,0.6244061585862307,0.0,0.0,0.0,0.23128980891719744,7.414514633823335,0.005396319886765747,0.004561458246137378,0.99,0.009687629208552434
1971-09-01 14:17:30,0.710910749814252,0.635260344239829,0.0,0.0,0.0,0.46496815286624205,18.03690518535183,0.0068149188158091656,0.005805665263921548,0.99,0.01069688276044005
1971-10-01 14:17:30,0.6983236073311937,0.6377946274232528,0.0003980891719745223,0.0,0.0,0.2340764331210191,6.820784277516605,0.007325728577697621,0.005930593287623628,0.99,0.012092018050514044
1971-11-01 14:17:30,0.6865299476663321,0.648617419693255,0.0003980891719745223,0.0,0.0,0.2285031847133758,5.852006347576093,0.007994442288326268,0.006410012505485418,0.99,0.013676447833354895
1971-12-01 14:17:30,0.677038099206992,0.6609666820770084,0.0003980891719745223,0.0,0.0,0.22770700636942676,6.387550428357735,0.008889865483591941,0.00818120017147481,0.99,0.014385113145472027
1972-01-01 14:17:30,0.6836720502358647,0.671192528023777,0.0,0.0,0.0,0.2285031847133758,7.171160810588798,0.009863289424620841,0.009303649927579795,0.99,0.013825473648430979
1972-02-01 14:17:30,0.7286119183419061,0.6672172840198068,0.0,0.0,0.0,0.45660828025477707,13.74525905364459,0.009282088745824106,0.008719595562962456,0.99,0.01326298046556933
1972-03-01 14:17:30,0.7612044632863243,0.6792088656660527,0.0003980891719745223,0.0,0.0,0.46138535031847133,12.206782975657454,0.007954173610635497,0.007630121731895583,0.99,0.013587032344309243
1972-04-01 14:17:30,0.7901111866077238,0.6873082982359908,0.0,0.0,0.0,0.4406847133757962,11.87578000225943,0.007568608948651412,0.0069401639157135354,0.99,0.01421547737724712
1972-05-01 14:17:30,0.7951164102222936,0.6856813887967824,0.0,0.0,0.0,0.39729299363057324,11.225444081546334,0.007296874643289273,0.006824114025675562,0.99,0.01468823799486083
1972-06-01 14:17:30,0.7918980449283917,0.6945566647801952,0.0,0.0,0.0,0.2229299363057325,5.79130068506624,0.007942758867353072,0.006762601242431391,0.99,0.01586839561978251
1972-07-01 14:17:30,0.738336216514907,0.693124853385295,0.0,0.0,0.0,0.3853503184713376,10.600538619275461,0.009401309397884975,0.009207258762083774,0.99,0.01606244625558371
1972-08-01 14:17:30,0.7076490297129387,0.6968330994626349,0.0,0.0,0.0,0.21178343949044587,5.3389331490171825,0.009944778008609254,0.009583945290403751,0.99,0.01570161353737821
1972-09-01 14:17:30,0.7189136536697885,0.7077927200101473,0.0,0.0,0.0,0.21178343949044587,6.230247820701223,0.009504042087426787,0.009500871325403892,0.99,0.015704784299401107
1972-10-01 14:17:30,0.7407956687436177,0.7161682266854493,0.0003980891719745223,0.0,0.0,0.20621019108280256,6.004815417420391,0.008859109091969856,0.008571203900290949,0.99,0.01599268949108001
1972-11-01 14:17:30,0.7582826343144694,0.7093953021781075,0.0,0.0,0.0,0.18351910828025478,4.477544466403162,0.008861962777790462,0.007973198182772869,0.99,0.016881454086097602
1972-12-01 14:17:30,0.7726353690290751,0.7137752045812795,0.0,0.0,0.0,0.2229299363057325,5.548444099136124,0.00913401415935489,0.007054311348537771,0.99,0.018961156896914723
1973-01-01 14:17:30,0.7762210761090318,0.7159732790670779,0.0003980891719745223,0.0,0.0,0.267515923566879,6.602920623505819,0.01019082914158594,0.007077140835102618,0.99,0.02207484520339804
1973-02-01 14:17:30,0.7766313799477633,0.7228366404218436,0.0,0.0,0.0,0.2285031847133758,4.947487937032283,0.01174640499001844,0.008915548655977395,0.99,0.02490570153743909
1973-03-01 14:17:30,0.7787209239356224,0.7262794987753012,0.0,0.0,0.0,0.2340764331210191,4.6641974427044826,0.01315866239501607,0.010977812275668587,0.99,0.027086551656786573
1973-04-01 14:17:30,0.7628344004877963,0.7269207087049484,0.0,0.0,0.0,0.2285031847133758,4.485955294917559,0.015129925144650164,0.014446625928716197,0.99,0.026403252440852606
1973-05-01 14:17:30,0.7307814913629774,0.719047327658585,0.0,0.0,0.0,0.2285031847133758,4.826107445805843,0.01639727872520147,0.012195384892460435,0.99,0.02220135860811157
1973-06-01 14:17:30,0.7288221132712176,0.7145821428339819,0.0,0.0,0.0,0.2285031847133758,5.958982381249089,0.014379088697628524,0.010116633310250187,0.99,0.017938903220733233
1973-07-01 14:17:30,0.7442075338992388,0.7184572977485639,0.0,0.0,0.0003980891719745223,0.43630573248407645,13.911153962293465,0.011919528596468531,0.009284625355442423,0.99,0.015303999979707125
1973-08-01 14:17:30,0.7587982303046339,0.7222054415057761,0.0,0.0,0.0,0.24880573248407642,7.674194441984182,0.009466310019354331,0.008999890925786413,0.99,0.014837580886139205
1973-09-01 14:17:30,0.7519625676822467,0.7207441324711531,0.0007961783439490446,0.0,0.0,0.25796178343949044,7.50277453799958,0.009436187780136825,0.009308723146816428,0.99,0.0149650455194596
1973-10-01 14:17:30,0.7487267958788423,0.7087799219394845,0.0003980891719745223,0.0,0.0,0.40326433121019106,14.705044178886615,0.009417480284201741,0.008421543932810284,0.99,0.013969109168068143
1973-11-01 14:17:30,0.7317827918107997,0.6958903317454652,0.0,0.0,0.0,0.40326433121019106,13.215582769514267,0.008652375408077072,0.006813333434797718,0.99,0.01213006719478879
1973-12-01 14:17:30,0.703150348522809,0.6764450295285561,0.0,0.0,0.0,0.6990445859872612,16.639711108123162,0.007698610191590125,0.0065070378233860185,0.99,0.010938494826584683
1974-01-01 14:17:30,0.6957459691182567,0.6549594510914124,0.0,0.0,0.0,0.46496815286624205,10.603036481185756,0.007671341638193224,0.006901480619034212,0.99,0.011708355845743696
1974-02-01 14:17:30,0.698387209912962,0.6577705429756547,0.0003980891719745223,0.0,0.0,0.27985668789808915,6.6127569137821185,0.008935207380519346,0.007438607705712698,0.99,0.013204955520550343
1974-03-01 14:17:30,0.6821236921487779,0.6586642600512733,0.0,0.0,0.0,0.47054140127388533,10.031304537521814,0.010619516167081402,0.01002277875437248,0.99,0.013801692933259262
1974-04-01 14:17:30,0.6833040119938706,0.65843404410679,0.0,0.0,0.0,0.4482484076433121,9.867520448125704,0.01086493314765351,0.010819908326928394,0.99,0.01384671775398438
1974-05-01 14:17:30,0.6849102010695618,0.6573042276248445,0.0,0.0,0.0,0.40644904458598724,9.340083867564353,0.010802469135802469,0.01061444294784477,0.99,0.01365869156602668
1974-06-01 14:17:30,0.6786953546393086,0.6431639146886087,0.0,0.0,0.0,0.41878980891719747,9.186701429901099,0.009970778257196996,0.009760873811281318,0.99,0.013448787120111001
1974-07-01 14:17:30,0.6594770595507354,0.6262208192613327,0.0,0.0,0.0,0.4478503184713376,9.669307250261369,0.010496490600593059,0.01036331859563145,0.99,0.01358195912507261
1974-08-01 14:17:30,0.6644161778754951,0.6368855945432869,0.0,0.0,0.0,0.46496815286624205,10.474309726001689,0.010853835480573375,0.009633409177960921,0.99,0.014802385427685064
1974-09-01 14:17:30,0.6672801420524179,0.6428782436463152,0.0,0.0,0.0,0.419984076433121,9.788680398224335,0.011095447546718007,0.010186390074753885,0.99,0.015711442899649188
1974-10-01 14:17:30,0.6652528050584594,0.6374759828758709,0.0,0.0,0.0,0.44227707006369427,10.515317270270891,0.011021251715382254,0.010620150319485981,0.99,0.01611254429554546
1974-11-01 14:17:30,0.6713429468299368,0.6382338981463644,0.0,0.0,0.0,0.6934713375796179,18.397979394915517,0.011210863284351402,0.010847176880325295,0.99,0.015748857891519353
1974-12-01 14:17:30,0.7082675052489855,0.6381296025901851,0.0,0.0,0.0,0.633359872611465,16.039602823539703,0.010817688793512368,0.010083023232807494,0.99,0.01501419233081448
1975-01-01 14:17:30,0.7648946176256116,0.6392367784848302,0.0,0.0,0.0,0.6843152866242038,16.683243579245588,0.009536066783858032,0.00854266704208489,0.99,0.014020792589041339
1975-02-01 14:17:30,0.7756094427473802,0.6359410125507045,0.0,0.0,0.0,0.7109872611464968,19.62880497759767,0.007737927640674028,0.005877958638043564,0.99,0.012160823586410874
1975-03-01 14:17:30,0.7673709163073339,0.6600720565609625,0.0,0.0,0.0,0.4339171974522293,12.927427046542027,0.006295230920256603,0.005353514599456658,0.99,0.01121910726561093
1975-04-01 14:17:30,0.7780505832824501,0.688371504321998,0.0,0.0,0.0,0.3765923566878981,11.202505161871805,0.005514589310219747,0.005062438645754857,0.99,0.01076695660114604
1975-05-01 14:17:30,0.7930772688734388,0.668116179390894,0.0003980891719745223,0.0,0.0,0.2854299363057325,8.711286435491603,0.005070999703216675,0.004354090409840016,0.99,0.01005004730776938
1975-06-01 14:17:30,0.7668074055722767,0.659655776396866,0.0003980891719745223,0.0,0.0,0.4020700636942675,11.73663911598642,0.004691459489076091,0.004342041514153013,0.99,0.009700629332846305
1975-07-01 14:17:30,0.7172547222750303,0.639861868057353,0.0007961783439490446,0.0,0.0,0.4343152866242038,11.937564064767185,0.00619344945932166,0.005470198641899211,0.99,0.010423880150268754
1975-08-01 14:17:30,0.6848763299136104,0.6420713047745558,0.0003980891719745223,0.0,0.0,0.41361464968152867,10.53322815745191,0.008178980638058784,0.0074043634758654275,0.99,0.01119849731246211
1975-09-01 14:17:30,0.6683969193536269,0.6473499906424351,0.0003980891719745223,0.0,0.0,0.3714171974522293,9.308316666951562,0.009401626474087264,0.008171053733001544,0.99,0.012429070053547828
1975-10-01 14:17:30,0.7063001450885572,0.665859109705135,0.0,0.0,0.0,0.40445859872611467,11.523632446734812,0.009735507715098153,0.008872426292466016,0.99,0.013292151476179969
1975-11-01 14:17:30,0.7140540023507699,0.6714393820140263,0.0,0.0,0.0,0.2734872611464968,6.603685075020638,0.009445700066205511,0.009052525575366477,0.99,0.013685325967019001
1975-12-01 14:17:30,0.7159324321318137,0.6770486391181989,0.0,0.0,0.0,0.27906050955414013,6.4120299389513,0.010532320211451777,0.009746922458380578,0.99,0.014470723720090202
1976-01-01 14:17:30,0.7483199105453209,0.6837374208659416,0.0,0.0,0.0,0.49442675159235666,14.9000733048259,0.011405230996354892,0.010088096452044127,0.99,0.015787858264400968
1976-02-01 14:17:30,0.7463986217121995,0.6759825741640829,0.0,0.0,0.0,0.5059713375796179,11.288230019757846,0.011689331273606324,0.009857264976777339,0.99,0.017619924561229953
1976-03-01 14:17:30,0.7591973172113299,0.68876841005677,0.0,0.0003980891719745223,0.0,0.4645700636942675,9.58456607196855,0.014386064374078893,0.01128918110631692,0.99,0.020716807828991924
1976-04-01 14:17:30,0.7475425519245374,0.6943371533925269,0.0,0.0,0.0,0.4589968152866242,8.896861416878352,0.01657864631291109,0.01363744746047328,0.99,0.023658006681429734
1976-05-01 14:17:30,0.7302595827047585,0.689206960071059,0.0,0.0,0.0,0.27945859872611467,5.392344932948566,0.020219632343801922,0.019234476583288307,0.99,0.022672850920916122
1976-06-01 14:17:30,0.7221451180086422,0.6965090963669914,0.0,0.0,0.0,0.42953821656050956,8.83689202200754,0.01838534651355691,0.015057948846730437,0.99,0.019345453254089647
1976-07-01 14:17:30,0.7415755953528089,0.7157231077141366,0.0,0.0,0.0,0.6441082802547771,15.401235461204127,0.015325561161462812,0.013759204722152465,0.99,0.017779096814779304
1976-08-01 14:17:30,0.7775292329049681,0.7326762562966984,0.0,0.0,0.0,0.679140127388535,16.10476968215871,0.012965562987821738,0.012881537794215008,0.99,0.01769507162117257
1976-09-01 14:17:30,0.7553268213515472,0.7224683927466893,0.0,0.0,0.0,0.4498407643312102,10.052733775758519,0.012070139792556065,0.010604296509371504,0.99,0.016229228337988014
1976-10-01 14:17:30,0.7198858244752627,0.7054464715949317,0.0011942675159235668,0.0,0.0,0.4589968152866242,10.542961654473645,0.011367181852080147,0.010040535021700695,0.99,0.014902581507608561
1976-11-01 14:17:30,0.7256638278862035,0.6960295386684582,0.0,0.0,0.0,0.46496815286624205,10.284651632692512,0.01086461607145122,0.010088730604448705,0.99,0.014126696040606047
1976-12-01 14:17:30,0.7319298771527886,0.6713824335166215,0.0,0.0,0.0,0.46178343949044587,9.56469591381169,0.0103011716599827,0.0095370180124649,0.99,0.013362542393088248
1977-01-01 14:17:30,0.7546813574449096,0.6632804294702884,0.0,0.0,0.0,0.45820063694267515,8.986512121928934,0.009833801337807913,0.009590286814449542,0.99,0.013606056916446617
1977-02-01 14:17:30,0.7686099408786774,0.6708234840818158,0.0003980891719745223,0.0,0.0,0.27985668789808915,6.696493131111439,0.010012315239696926,0.009023354564755838,0.99,0.014595017591387701
1977-03-01 14:17:30,0.7613882180285899,0.6759158309340995,0.0,0.0,0.0,0.27985668789808915,6.907465465862427,0.01072541961864611,0.010214926932959945,0.99,0.014084524905701537
1977-04-01 14:17:30,0.7802769946614388,0.6894382332246197,0.0,0.0,0.0,0.42436305732484075,10.279554341249836,0.008629862997714515,0.008614960416206905,0.99,0.014069622324193929
1977-05-01 14:17:30,0.7577085945742364,0.6925036581532041,0.0,0.0,0.0,0.6859076433121019,17.960210249101575,0.007732854421437395,0.007515340146666768,0.99,0.013852108049423302
1977-06-01 14:17:30,0.7201817223416329,0.669860172313454,0.0,0.0,0.0,0.43511146496815284,11.800571583733557,0.008716107724737271,0.007566072339033095,0.99,0.012702072663719127
1977-07-01 14:17:30,0.6884801816059345,0.6451946545880499,0.0003980891719745223,0.0,0.0,0.4375,11.23289362878462,0.008381592331321802,0.00758319445395673,0.99,0.011903674786354054
1977-08-01 14:17:30,0.6884821008423933,0.638899007264748,0.0,0.0,0.0,0.23964968152866242,6.136348284817843,0.008750986106989121,0.007776610937353352,0.99,0.012878049955989823
1977-09-01 14:17:30,0.6820340953754719,0.6350713637183254,0.0,0.0,0.0,0.44227707006369427,17.035439181947346,0.009440309770766589,0.008283298708612044,0.99,0.014035061018144368
1977-10-01 14:17:30,0.6699100369658273,0.6238953694897317,0.0,0.0,0.0,0.41878980891719747,11.715549677282826,0.009866460186643736,0.009268137392923367,0.99,0.014633383811864738
1977-11-01 14:17:30,0.6636836122403912,0.6341640140107819,0.0,0.0,0.0,0.4179936305732484,11.160094943151984,0.009991705286548105,0.009568091480289274,0.99,0.015056997618123567
1977-12-01 14:17:30,0.6690403105819296,0.6464924098511594,0.0003980891719745223,0.0,0.0,0.3236464968152866,10.329509501458194,0.009989485753132079,0.009734873562693576,0.99,0.014802385427685064
1978-01-01 14:17:30,0.6860568919666371,0.6377448718385059,0.0,0.0,0.0,0.36504777070063693,10.719238665311233,0.009719653904983677,0.008165346361360333,0.99,0.013248077884061722
1978-02-01 14:17:30,0.7097691478857402,0.6298385962966084,0.0003980891719745223,0.0,0.0,0.37420382165605093,12.868045174222141,0.008696766076397609,0.007952905305826338,0.99,0.012504217113490451
1978-03-01 14:17:30,0.7415323439608038,0.6536109640081493,0.0,0.0003980891719745223,0.0,0.23964968152866242,7.120866208089654,0.0076611951997199584,0.007569243101055991,0.99,0.012596169212154418
1978-04-01 14:17:30,0.7524246327498529,0.6831110269678672,0.0,0.0,0.0,0.23964968152866242,7.471988237132769,0.007119946122411707,0.006813967587202297,0.99,0.012290190676945008
1978-05-01 14:17:30,0.7599761440244536,0.6705077247927654,0.0,0.0,0.0,0.25079617834394907,7.824357311218314,0.006038716272604362,0.00587351957121151,0.99,0.012124993975552157
1978-06-01 14:17:30,0.7549089871691391,0.645776257652113,0.0,0.0,0.0,0.24402866242038215,7.3746985097114806,0.006827918940103037,0.006519720871477601,0.99,0.011816795906926721
1978-07-01 14:17:30,0.7256668765884708,0.656577934190413,0.0,0.0,0.0,0.24044585987261147,7.446428853062988,0.008220517620558714,0.007174800305407798,0.99,0.012862513222077637
1978-08-01 14:17:30,0.7220896740753522,0.6736535409068395,0.0003980891719745223,0.0,0.0,0.43113057324840764,13.153693288256806,0.00954367661271298,0.00741007084750664,0.99,0.014996118987283976
1978-09-01 14:17:30,0.7197197738884862,0.6864355469536894,0.0,0.0,0.0,0.25079617834394907,7.208755448829699,0.01167030670146895,0.010603662356966925,0.99,0.016062763331786002
1978-10-01 14:17:30,0.7197766031978534,0.693298856518773,0.0,0.0,0.0,0.267515923566879,7.955296720347869,0.011453426579102902,0.011395084557881626,0.99,0.01612110535300728
1978-11-01 14:17:30,0.7281433556973341,0.7093412269149157,0.0003980891719745223,0.0,0.0,0.22014331210191082,6.250075843389403,0.011493378180591386,0.010655662854142411,0.99,0.016958820679456255
1978-12-01 14:17:30,0.7247603834908583,0.7162224454396465,0.0,0.0003980891719745223,0.0,0.2285031847133758,5.94338101003468,0.012167799262861245,0.0121085060130331,0.99,0.017018113929284397
1979-01-01 14:17:30,0.7240410811282054,0.7098233378600243,0.0,0.0003980891719745223,0.0,0.19944267515923567,5.330783812117956,0.01225467814228858,0.011284742039484865,0.99,0.016048177826480683
1979-02-01 14:17:30,0.7346361356179435,0.706788145354487,0.0,0.0007961783439490446,0.0,0.2535828025477707,7.443385779099353,0.011576452145591245,0.0115384030013165,0.99,0.016010128682205936
1979-03-01 14:17:30,0.7442911011307027,0.7178217963704971,0.0003980891719745223,0.0,0.0,0.24402866242038215,7.384661964661062,0.012017822219178291,0.010209853713723311,0.99,0.017818097187660916
1979-04-01 14:17:30,0.7522254101762152,0.7270739688866328,0.0,0.0,0.0,0.24761146496815287,7.6591541214625325,0.012820659163375416,0.012098993726964415,0.99,0.01853976262407192
1979-05-01 14:17:30,0.7476135725820255,0.7240685940442739,0.0,0.0,0.0,0.2412420382165605,6.619725155413404,0.010514246867921274,0.01030243996479186,0.99,0.018751569527201334
1979-06-01 14:17:30,0.7474683814922831,0.7207677220429154,0.0,0.0,0.0,0.259156050955414,6.779135988083141,0.011807917773262613,0.011097667080134035,0.99,0.019461820220329912
1979-07-01 14:17:30,0.7469935060081087,0.7292948895601676,0.0,0.0,0.0003980891719745223,0.2376592356687898,6.76632923206291,0.013698643167515163,0.010956251093912898,0.99,0.01671942814672765
1979-08-01 14:17:30,0.7478694409979115,0.7423255528337612,0.0,0.0,0.0003980891719745223,0.214171974522293,6.2708617550613415,0.012604413193413946,0.010673419121470625,0.99,0.014788434074784324
1979-09-01 14:17:30,0.7702976349800684,0.7369486114733573,0.0,0.0,0.0003980891719745223,0.22014331210191082,7.52328555394042,0.011318669193129847,0.010714639027768265,0.99,0.014184403909422744
1979-10-01 14:17:30,0.7701066198250925,0.7452748029102647,0.0,0.0,0.0,0.13813694267515925,3.790517543022553,0.009785605755059903,0.009673994931853983,0.99,0.014296014732628662
1979-11-01 14:17:30,0.7581938141103912,0.739137584168171,0.0007961783439490446,0.0,0.0,0.14848726114649682,4.691756437297396,0.00897325652479409,0.00873671767788609,0.99,0.014059475885720665
1979-12-01 14:17:30,0.7470445813441913,0.7345539525243813,0.0007961783439490446,0.0,0.0,0.18949044585987262,4.854848672019766,0.009419382741415478,0.009036671765252,0.99,0.014442186861884141
1980-01-01 14:17:30,0.7416780844280203,0.7200054950544144,0.0,0.0,0.0,0.21178343949044587,5.571638262265191,0.009909582550155114,0.00916857546540445,0.99,0.015183193946634806
1980-02-01 14:17:30,0.7327372558555213,0.7035198665559893,0.0003980891719745223,0.0,0.0,0.21735668789808918,4.86102982725218,0.010828152308187922,0.010539612964104437,0.99,0.015471733290718293
1980-03-01 14:17:30,0.7127699434054444,0.7037826778892824,0.0003980891719745223,0.0,0.0,0.2229299363057325,4.284224750961815,0.012980465569329346,0.009979656390861102,0.99,0.018472542469186535
1980-04-01 14:17:30,0.6992928228735134,0.6885704324982339,0.0,0.0,0.0007961783439490446,0.2718949044585987,5.7417409522244585,0.016429937574037292,0.014484675072990942,0.99,0.020417804970232885
1980-05-01 14:17:30,0.6929299863940108,0.6802639242721223,0.0,0.0,0.0,0.27985668789808915,5.633984606646462,0.01642010821176632,0.014649554698181504,0.99,0.018647251456648074
1980-06-01 14:17:30,0.7198255981699048,0.6781309317186275,0.0,0.0,0.0003980891719745223,0.2679140127388535,6.25051304726211,0.012912611262039384,0.010303074117196437,0.99,0.01603771431180513
1980-07-01 14:17:30,0.752397071236506,0.6984303270153431,0.0,0.0,0.0003980891719745223,0.43630573248407645,10.040835642081618,0.009864557729429999,0.00785524583552116,0.99,0.014028402417896288
1980-08-01 14:17:30,0.7499003072610889,0.7014267729829483,0.0,0.0,0.0,0.6317675159235668,14.651545870308807,0.007832416348956312,0.007550218528918618,0.99,0.013746204597858594
1980-09-01 14:17:30,0.7095937009304928,0.6925892463555272,0.0003980891719745223,0.0,0.0,0.47611464968152867,11.989224887987614,0.008554081785367314,0.00754197454765909,0.99,0.012734097360150371
1980-10-01 14:17:30,0.6983110290400494,0.6835968801483322,0.0003980891719745223,0.0,0.0,0.24522292993630573,7.176715767737556,0.008034710966017041,0.006739771755866544,0.99,0.011439158149999873
1980-11-01 14:17:30,0.7196137929043828,0.6732945632855863,0.0,0.0,0.0,0.4538216560509554,10.907643875893813,0.007260093803823685,0.0070004083941485485,0.99,0.011179472740324737
1980-12-01 14:17:30,0.6905540517114931,0.6539364066940714,0.0,0.0,0.0,0.4482484076433121,9.721114745661607,0.008036613423230778,0.007609194702544473,0.99,0.011606891461011043
1981-01-01 14:17:30,0.6960693533685104,0.644442660803291,0.0003980891719745223,0.0,0.0,0.27985668789808915,7.588278149579361,0.008481154258840719,0.008038515880444515,0.99,0.012049529839407245
1981-02-01 14:17:30,0.6876635120857677,0.651704672771202,0.0,0.0,0.0,0.45222929936305734,11.187568670855105,0.009269405697732524,0.008734181068267774,0.99,0.012584754468871995
1981-03-01 14:17:30,0.692598889601404,0.6512344554059163,0.0,0.0,0.0,0.27388535031847133,7.457289020262085,0.009624531044296813,0.009464090485938305,0.99,0.012424313910513485
1981-04-01 14:17:30,0.7050498568466779,0.6656919230941887,0.0,0.0,0.0,0.285828025477707,7.108310168835016,0.008805840289985212,0.008696766076397609,0.99,0.012533388124101088
1981-05-01 14:17:30,0.6972234743637983,0.6617248856780744,0.0,0.0,0.0,0.4000796178343949,9.951405586304544,0.008070857653078049,0.00793768564811644,0.99,0.012666560129062697
1981-06-01 14:17:30,0.7098761859018686,0.6569097512175935,0.0,0.0,0.0,0.3089171974522293,8.833442167919491,0.007676097781227567,0.007189385810713117,0.99,0.012179848158548248
1981-07-01 14:17:30,0.7074865676587366,0.6526236146178471,0.0,0.0,0.0,0.4036624203821656,10.32963386402019,0.006614526655962174,0.005856397456287875,0.99,0.011421718958873948
1981-08-01 14:17:30,0.6827499051669398,0.6357526934888541,0.0,0.0,0.0,0.4052547770700637,12.277168310487017,0.0064309395348365285,0.005813275092776497,0.99,0.010804054516813917
1981-09-01 14:17:30,0.7092700822196343,0.6475724578294372,0.0,0.0,0.0,0.4171974522292994,12.304385791188809,0.006358012008309933,0.005963569212661741,0.99,0.01119849731246211
1981-10-01 14:17:30,0.7312298851550777,0.6424578580827857,0.0003980891719745223,0.0,0.0,0.25636942675159236,7.7753989831659025,0.006252742709149804,0.0061944006879285285,0.99,0.011256839333683386
1981-11-01 14:17:30,0.7306006746743624,0.6395768034559003,0.0011942675159235668,0.0,0.0,0.40804140127388533,14.659703434058088,0.005522516215276985,0.0051226831241898705,0.99,0.010857006242596272
1981-12-01 14:17:30,0.7641546236399887,0.6497498660790542,0.0011942675159235668,0.0,0.0003980891719745223,0.4104299363057325,17.155849291959548,0.005219074289685891,0.00515121998239593,0.99,0.010924860549886234
1982-01-01 14:17:30,0.7635386700851975,0.6646319692671672,0.0011942675159235668,0.0,0.0,0.1839171974522293,7.066184186823211,0.004771045615850766,0.004317943722779008,0.99,0.010471758656814475
1982-02-01 14:17:30,0.7323177007448578,0.6703811978900887,0.0,0.0,0.0,0.14928343949044587,6.564573834024863,0.0044530181849543535,0.0032937875893837816,0.99,0.009312528061243903
1982-03-01 14:17:30,0.7417940236881033,0.6734284670828685,0.0003980891719745223,0.0,0.0,0.11982484076433121,6.572212109145382,0.004290041016977528,0.00336417850629206,0.99,0.008386665550558434
1982-04-01 14:17:30,0.7701760709829475,0.6826029360244334,0.0,0.0,0.0,0.17038216560509553,7.405031636685599,0.0036999622045166872,0.0035950099815588482,0.99,0.008281713327600596
1982-05-01 14:17:30,0.7882346569908342,0.6853307877302923,0.0,0.0,0.0,0.15843949044585987,6.660840780405216,0.0035249361408528587,0.003421252222704178,0.99,0.008178029409451915
1982-06-01 14:17:30,0.8066946207292532,0.6825465665164097,0.0,0.0,0.0,0.24522292993630573,8.32480670634957,0.003515106778581883,0.0032119819291930793,0.99,0.00787490456006311
1982-07-01 14:17:30,0.7847007711143515,0.6808157340443938,0.0,0.0003980891719745223,0.0,0.2161624203821656,6.102434780693543,0.0035147897023795937,0.003203103795528972,0.99,0.008186590466913732
1982-08-01 14:17:30,0.7306669767081347,0.674109171131543,0.0,0.0003980891719745223,0.0,0.21695859872611464,5.47303887669503,0.004584287732702225,0.0034675453482384514,0.99,0.009303332851377506
1982-09-01 14:17:30,0.6803103088169477,0.6688002613573589,0.0,0.0,0.0,0.18949044585987262,4.776519119378454,0.006621502332412544,0.0051696104021287225,0.99,0.010755224781661328
1982-10-01 14:17:30,0.6685319508721965,0.690255566216443,0.0,0.0,0.0,0.1839171974522293,4.175835579763096,0.008367640978421062,0.005985764546822009,0.99,0.01313710121326038
1982-11-01 14:17:30,0.6813682205526874,0.6881583111408541,0.0,0.0,0.0,0.20063694267515925,4.718658525027417,0.009268454469125656,0.007630755884300162,0.99,0.014774799798085875
1982-12-01 14:17:30,0.7163939099501329,0.7131011565145305,0.0003980891719745223,0.0,0.0,0.16361464968152867,3.6144632296752772,0.009833167185403334,0.00747919345960576,0.99,0.017128773523883447
1983-01-01 14:17:30,0.7344409559749143,0.7132213078615023,0.0007961783439490446,0.0,0.0,0.2695063694267516,6.6865024508169,0.010734931904714796,0.008227493297009083,0.99,0.01963621213158916
1983-02-01 14:17:30,0.7772207990862665,0.7390901167894215,0.0,0.0,0.0,0.17754777070063693,4.1653495839476244,0.011056764250038683,0.008150126703650435,0.99,0.02254284967797741
1983-03-01 14:17:30,0.7534493965979209,0.7471998353801372,0.0,0.0,0.0,0.1715764331210191,3.556718632981318,0.013201150606122869,0.01232411783058999,0.99,0.023419882453510288
1983-04-01 14:17:30,0.7322041489231137,0.7375828188216197,0.0,0.0,0.0,0.15246815286624205,2.6053423733196492,0.013850522668411854,0.01215036007173532,0.99,0.02171971985683375
1983-05-01 14:17:30,0.7213552928388597,0.7361372788029796,0.0,0.0,0.0,0.16361464968152867,3.0228595225926136,0.012537827190933142,0.011767966171774131,0.99,0.02094985883767474
1983-06-01 14:17:30,0.7260239527953064,0.7477096038536354,0.0003980891719745223,0.0,0.0003980891719745223,0.12380573248407643,2.5047726365706504,0.012711902025990101,0.011102740299370667,0.99,0.019340697111055308
1983-07-01 14:17:30,0.7341480211250262,0.7565038731915286,0.0003980891719745223,0.0,0.0,0.17834394904458598,5.131967547193473,0.01190018694812887,0.009221210114984514,0.99,0.01666172027791095
1983-08-01 14:17:30,0.7769756937981463,0.7649278704902507,0.0003980891719745223,0.0,0.0,0.1660031847133758,4.37354160896339,0.010574491346356287,0.008774766822160836,0.99,0.014861995753715499
1983-09-01 14:17:30,0.8019067645406286,0.7580677617524665,0.0007961783439490446,0.0,0.0,0.16003184713375795,4.422937371255105,0.008403470589279781,0.008052467233345255,0.99,0.014510992397780975
1983-10-01 14:17:30,0.7989193038954605,0.7509294179917132,0.0015923566878980893,0.0,0.0,0.17237261146496816,4.968762110922961,0.007976686020998054,0.007610463007353631,0.99,0.014144769384136549
1983-11-01 14:17:30,0.776315588232081,0.7413882179129105,0.0,0.0003980891719745223,0.0,0.17834394904458598,5.358384810375803,0.007948466238994286,0.0065691847590347695,0.99,0.012765487904177036
1983-12-01 14:17:30,0.767994621997764,0.7306297369547445,0.0003980891719745223,0.0,0.0,0.1962579617834395,5.489963308466131,0.007146897599606318,0.006675722363004056,0.99,0.012294312667574773
1984-01-01 14:17:30,0.7417884314017317,0.7129226949468689,0.0003980891719745223,0.0,0.0,0.25079617834394907,6.42771734566599,0.007678634390845884,0.007287679433422876,0.99,0.012685267624997781
1984-02-01 14:17:30,0.7348837226380289,0.693417618195648,0.0003980891719745223,0.0,0.0,0.2746815286624204,8.166132639015355,0.00864032651239007,0.007881880236513482,0.99,0.013443713900874371
1984-03-01 14:17:30,0.7201627046644166,0.6840621570307303,0.0003980891719745223,0.0,0.0,0.26831210191082805,7.209930128986512,0.010192731598799677,0.00977989838341869,0.99,0.013856547116255355
1984-04-01 14:17:30,0.6625620751169182,0.663387524621246,0.0,0.0,0.0,0.27388535031847133,6.340248441885772,0.012219165607632152,0.01169884355967501,0.99,0.014376869164212496
1984-05-01 14:17:30,0.6357175624261021,0.6587959528900443,0.0,0.0,0.0003980891719745223,0.44028662420382164,9.251476554002856,0.012970002054653791,0.012932904138985915,0.99,0.014339771248544622
1984-06-01 14:17:30,0.6482241445484338,0.664804956685162,0.0,0.0,0.0003980891719745223,0.4307324840764331,8.799832449209234,0.012582534935455969,0.011932211644560113,0.99,0.013689447957648766
1984-07-01 14:17:30,0.6889890893381748,0.6713689613264248,0.0,0.0,0.0007961783439490446,0.6990445859872612,14.262415981318489,0.010818640022119236,0.009811606003647645,0.99,0.012682413939177174
1984-08-01 14:17:30,0.6855066946550162,0.6674483631744133,0.0,0.0,0.0,0.4534235668789809,8.836024342505505,0.008906036369908707,0.007649780456437535,0.99,0.011426158025706002
1984-09-01 14:17:30,0.6744033311892752,0.6663236531708827,0.0003980891719745223,0.0,0.0,0.4538216560509554,9.752139704761914,0.007960515134681288,0.007620609445826897,0.99,0.01108625233685161
1984-10-01 14:17:30,0.674919071746985,0.6604222751189377,0.0003980891719745223,0.0,0.0,0.4478503184713376,10.370069968644188,0.007719537220941234,0.007311143072392302,0.99,0.01067785818830268
1984-11-01 14:17:30,0.6907758934714858,0.645475267720664,0.0007961783439490446,0.0,0.0,0.4745222929936306,10.371802353369597,0.0075540234433460925,0.007059384567774404,0.99,0.01018321931273099
1984-12-01 14:17:30,0.6754314842101071,0.6238800251363339,0.0007961783439490446,0.0,0.0,0.4781050955414013,9.534055530761012,0.007735073954853422,0.007233776479033653,0.99,0.01068451678855076
1985-01-01 14:17:30,0.6819289936097195,0.6266184173072235,0.0007961783439490446,0.0,0.0,0.47929936305732485,9.644961225227966,0.008843572358057668,0.007542608700063669,0.99,0.011985480446544758
1985-02-01 14:17:30,0.6905137022909217,0.6214102947490404,0.0003980891719745223,0.0,0.0,0.7480095541401274,15.366954359312025,0.009448870828228406,0.008831840538572954,0.99,0.011368450156889304
1985-03-01 14:17:30,0.7055971760315898,0.6385022361865331,0.0,0.0,0.0,0.42794585987261147,9.76109969589062,0.007855879987925737,0.0073821681417051595,0.99,0.010894738310668728
1985-04-01 14:17:30,0.7079797484501948,0.6531265295257095,0.0,0.0,0.0,0.4156050955414013,9.896816828148784,0.006854553341095359,0.006530501462355445,0.99,0.011218790189408639
1985-05-01 14:17:30,0.6941097921003327,0.6531721138937081,0.0,0.0,0.0,0.34673566878980894,7.951659557174327,0.006424598010790737,0.0063104505779665015,0.99,0.011104642756584404
1985-06-01 14:17:30,0.6991631613271602,0.639518485929782,0.0003980891719745223,0.0,0.0,0.42436305732484075,10.072406398084325,0.006238474280046775,0.005878592790448143,0.99,0.010744761266985772
1985-07-01 14:17:30,0.6918413331984439,0.6126061268458748,0.0003980891719745223,0.0,0.0003980891719745223,0.40605095541401276,10.719083646127357,0.006219449707909402,0.0050935121135792325,0.99,0.009618823672655603
1985-08-01 14:17:30,0.6916633373285391,0.6149825131423445,0.0003980891719745223,0.0,0.0003980891719745223,0.5915605095541401,15.392892107466057,0.006432841992050266,0.006184888401859842,0.99,0.009370870082465179
1985-09-01 14:17:30,0.7131044923304494,0.6149286677753023,0.0007961783439490446,0.0,0.0003980891719745223,0.9148089171974523,20.375577160836055,0.006615160808366753,0.006553330948920292,0.99,0.009309040223018717
1985-10-01 14:17:30,0.7135359752274443,0.5913258391049642,0.0,0.0003980891719745223,0.0,0.6297770700636943,16.456726540213772,0.0063237677784626625,0.005855763303883296,0.99,0.008841035748439351
1985-11-01 14:17:30,0.6965412871217523,0.5892701044780725,0.0007961783439490446,0.0,0.0,0.8865445859872612,24.4478458616352,0.00640874420067626,0.0063706950564015145,0.99,0.008879084892714096
1985-12-01 14:17:30,0.6856135882036474,0.6137990562872534,0.0011942675159235668,0.0,0.0003980891719745223,0.589968152866242,15.100798001156797,0.006680478506038399,0.006158254000867521,0.99,0.009401309397884975
1986-01-01 14:17:30,0.6724196089480806,0.6167585948765167,0.0003980891719745223,0.0003980891719745223,0.0,0.6715764331210191,20.155441933887865,0.007711293239681706,0.007508998622620978,0.99,0.009199014780824246
1986-02-01 14:17:30,0.6887946094334914,0.6169396013792773,0.0,0.0003980891719745223,0.0,0.5999203821656051,15.122222357352792,0.007642487703784875,0.006841236140599198,0.99,0.00839776321763857
1986-03-01 14:17:30,0.7233123523832067,0.6397290907539686,0.0,0.0003980891719745223,0.0,0.6050955414012739,23.727969937464753,0.006822845720866404,0.006793674710255766,0.99,0.008426934228249207
1986-04-01 14:17:30,0.7614741320391033,0.6791456426534638,0.0007961783439490446,0.0,0.0,0.4912420382165605,12.58804035441174,0.006553330948920292,0.005719420536898792,0.99,0.009260844640270707
1986-05-01 14:17:30,0.8297217465213056,0.690241966691466,0.0,0.0,0.0,0.4287420382165605,12.476038438935062,0.0061297171426614614,0.00564395640075388,0.99,0.00974660538217829
1986-06-01 14:17:30,0.8053788940390212,0.6683774737230318,0.0,0.0,0.0,0.4462579617834395,11.47817624358804,0.005288513977987302,0.0049552668893809914,0.99,0.010079852470784599
1986-07-01 14:17:30,0.7575090675808775,0.6569680437274316,0.0,0.0003980891719745223,0.0,0.23885350318471338,6.908893009899332,0.005745737861688824,0.004652776192396766,0.99,0.011172814140076657
1986-08-01 14:17:30,0.7179455615737106,0.6690609987164609,0.0,0.0003980891719745223,0.0,0.2448248407643312,6.490952427853836,0.008956451486072745,0.0071183607414002596,0.99,0.013010904884749142
1986-09-01 14:17:30,0.7029278774010539,0.6666552752105686,0.0,0.0003980891719745223,0.0,0.23885350318471338,6.278365329243122,0.010415002016604646,0.009685409675136406,0.99,0.013740497226217382
1986-10-01 14:17:30,0.7220793132177178,0.6912106006169272,0.0,0.0,0.0003980891719745223,0.20063694267515925,5.398429516853548,0.01119057040740487,0.01066961420704315,0.99,0.014261453426579102
1986-11-01 14:17:30,0.7468126494000754,0.705709084914505,0.0,0.0,0.0,0.2229299363057325,5.829007014908971,0.010817688793512368,0.010284683697463643,0.99,0.014794458522627826
1986-12-01 14:17:30,0.7450443839664475,0.6965576214462325,0.0003980891719745223,0.0,0.0,0.2229299363057325,6.023667498508222,0.010022461678170192,0.009757703049258422,0.99,0.015059217151539593
1987-01-01 14:17:30,0.7498076253709027,0.7014854074737349,0.0007961783439490446,0.0,0.0,0.2229299363057325,6.335428457776001,0.009857264976777339,0.009076623366740482,0.99,0.015839858761576453
1987-02-01 14:17:30,0.7396724900674334,0.7037493626127526,0.0,0.0,0.0,0.20621019108280256,6.891026698468579,0.010733029447501059,0.00941843151280861,0.99,0.017154456696268902
1987-03-01 14:17:30,0.7208186723320513,0.700392763960554,0.0007961783439490446,0.0,0.0,0.20621019108280256,5.105563239656484,0.012045090772575191,0.01019082914158594,0.99,0.019008718327258152
1987-04-01 14:17:30,0.7313515928451753,0.7110089524530817,0.0,0.0,0.0,0.214171974522293,5.687936394185607,0.014521138836254239,0.0115384030013165,0.99,0.021991454162195893
1987-05-01 14:17:30,0.7496568068766444,0.7185665143301923,0.0,0.0,0.0,0.214171974522293,5.4191092419271145,0.015434001222645837,0.01422277012989978,0.99,0.02320268525494195
1987-06-01 14:17:30,0.7381764026190782,0.7250554917528959,0.0003980891719745223,0.0,0.0,0.20621019108280256,4.845659611481589,0.01618769135548808,0.01279719552440599,0.99,0.019812189423859858
1987-07-01 14:17:30,0.7364051550068325,0.7212500388944963,0.0003980891719745223,0.0,0.0,0.25079617834394907,7.122471704598216,0.013240468055206771,0.008895255779030864,0.99,0.015466977147683948
1987-08-01 14:17:30,0.7717839056248124,0.7437019298994979,0.0003980891719745223,0.0,0.0,0.33121019108280253,11.211642335944395,0.01095466571290145,0.009880728615746764,0.99,0.014393040050529264
1987-09-01 14:17:30,0.8028755168646047,0.7562113360221991,0.0003980891719745223,0.0,0.0,0.18949044585987262,5.4770820658024055,0.00925957633546155,0.008182468476283969,0.99,0.015470147909706843
1987-10-01 14:17:30,0.7843318042712641,0.7463245327029943,0.0,0.0,0.0,0.17834394904458598,5.625473633469351,0.009437773161148272,0.00831310387162726,0.99,0.014345478620185832
1987-11-01 14:17:30,0.7508428946090855,0.7304422952231838,0.0,0.0,0.0,0.21019108280254778,6.701107903861043,0.008958353943286482,0.007485534983651551,0.99,0.0128726596605509
1987-12-01 14:17:30,0.745790063360782,0.7130834885321591,0.0003980891719745223,0.0,0.0,0.3499203821656051,9.860592053295663,0.008866718920824804,0.008782376651015786,0.99,0.012788317390741882
1988-01-01 14:17:30,0.7551214884985922,0.6931265320611416,0.0,0.0,0.0,0.267515923566879,6.742866806922102,0.008746864116359356,0.008746229963954777,0.99,0.012788951543146462
1988-02-01 14:17:30,0.760052651206067,0.6783914939246547,0.0,0.0,0.0,0.285828025477707,7.794253365474194,0.008611155501779431,0.008413934103955335,0.99,0.012986172940970557
1988-03-01 14:17:30,0.7337266425214308,0.6738495191081444,0.0003980891719745223,0.0,0.0,0.27985668789808915,6.553676899864282,0.009723141743208862,0.00862637515948933,0.99,0.01408293952469009
1988-04-01 14:17:30,0.6882850155674886,0.6667190780020732,0.0,0.0,0.0,0.27985668789808915,6.7455257231357,0.011708038769541407,0.01031575716528802,0.99,0.015475221128943476
1988-05-01 14:17:30,0.6673831891535337,0.6576933353152126,0.0,0.0,0.0,0.27985668789808915,5.776609070341393,0.012556534686868225,0.012474411950475234,0.99,0.015557343865336469
1988-06-01 14:17:30,0.6648442106989695,0.6485173840348007,0.0,0.0,0.0,0.4593949044585987,8.255411705459776,0.012111042622651417,0.011523183343606603,0.99,0.014969484586291656
1988-07-01 14:17:30,0.6725178372387492,0.6484358414305076,0.0,0.0,0.0,0.46496815286624205,8.615672566178239,0.011696941102461273,0.010209853713723311,0.99,0.013482397197553692
1988-08-01 14:17:30,0.6687522263531323,0.6527362734926972,0.0,0.0,0.0,0.4589968152866242,8.542531386231792,0.010595418375707396,0.009429212103686455,0.99,0.012316190925532752
1988-09-01 14:17:30,0.667595574989644,0.6551916152816794,0.0,0.0,0.0003980891719745223,0.43113057324840764,9.007448670890236,0.009729483267254653,0.009544627841319849,0.99,0.012131335499597948
1988-10-01 14:17:30,0.6689031074346754,0.6524902377176537,0.0003980891719745223,0.0,0.0,0.4538216560509554,9.502548762218927,0.009221844267389093,0.008613692111397748,0.99,0.011523183343606603
1988-11-01 14:17:30,0.6672725724466803,0.6498076807781039,0.0,0.0,0.0,0.46496815286624205,9.69719840974034,0.008815352576053898,0.008209737029680869,0.99,0.010917567797233574
1988-12-01 14:17:30,0.6737836142234809,0.6316606256539761,0.0,0.0,0.0,0.47571656050955413,9.172913372288168,0.00873671767788609,0.008505252050214724,0.99,0.01114903342490494
1989-01-01 14:17:30,0.6710132276233125,0.621664504273219,0.0,0.0,0.0,0.46496815286624205,9.013038916374606,0.00920281969525172,0.008676473199451078,0.99,0.011675379920705583
1989-02-01 14:17:30,0.669452082335767,0.6240269219541965,0.0,0.0,0.0,0.48128980891719747,9.084200636211303,0.009199014780824246,0.008843255281855377,0.99,0.011319620421736716
1989-03-01 14:17:30,0.6814977076015236,0.633102517647511,0.0,0.0,0.0,0.48128980891719747,9.569921682964887,0.008582301567371083,0.008145053484413802,0.99,0.010882372338779435
1989-04-01 14:17:30,0.7051814107080244,0.6496609341794946,0.0,0.0,0.0,0.45143312101910826,9.825970194099472,0.007985564154662162,0.007529925651972087,0.99,0.01133801084146951
1989-05-01 14:17:30,0.7297671657542378,0.6536092956744471,0.0003980891719745223,0.0,0.0,0.4124203821656051,9.751532089668324,0.007315265063022066,0.006883090199301418,0.99,0.011770185705190157
1989-06-01 14:17:30,0.7340861866904114,0.6515873011768715,0.0,0.0,0.0,0.34673566878980894,7.402653842678354,0.006567599378023321,0.00583166551250929,0.99,0.011034251839676126
1989-07-01 14:17:30,0.7353861021541018,0.6272514128995874,0.0,0.0,0.0,0.5067675159235668,12.768888688092257,0.005891909990944304,0.004769460234839319,0.99,0.00991180208357114
1989-08-01 14:17:30,0.6824578078635015,0.6048796917919802,0.0,0.0,0.0003980891719745223,0.7177547770700637,19.284436858387647,0.006315523797203134,0.005406783401441301,0.99,0.00900306168780931
1989-09-01 14:17:30,0.6802244784028272,0.6228182906570389,0.0015923566878980893,0.0,0.0,0.7563694267515924,21.858998970780238,0.006452500716592217,0.006124643923424829,0.99,0.009330918480976695
1989-10-01 14:17:30,0.6962666382571391,0.6227492153832915,0.0015923566878980893,0.0,0.0,0.732484076433121,20.938561229899666,0.007246776603327524,0.006475964355561643,0.99,0.010101730728742576
1989-11-01 14:17:30,0.6828478021279302,0.604275717894173,0.0007961783439490446,0.0,0.0,0.7846337579617835,17.53109325829422,0.007733488573841974,0.007538803785636194,0.99,0.010296415516948357
1989-12-01 14:17:30,0.7082757251324431,0.6135030186141933,0.0,0.0,0.0,0.7810509554140127,18.66524824943274,0.008066735662448286,0.007789293985444934,0.99,0.010573857193951708
1990-01-01 14:17:30,0.7170751331512313,0.6419325465790316,0.0003980891719745223,0.0,0.0,0.9319267515923567,25.14717693763732,0.008141248569986327,0.007949100391398864,0.99,0.010766005372539172
1990-02-01 14:17:30,0.7042024139267211,0.6425192886534971,0.0007961783439490446,0.0,0.0,0.7304936305732485,18.650355585603464,0.008367323902218773,0.006985188736438651,0.99,0.00938387020675905
1990-03-01 14:17:30,0.7074426559372688,0.6360503797168385,0.0003980891719745223,0.0,0.0,0.9235668789808917,23.759394442063233,0.0066719174485765816,0.00504658483564038,0.99,0.007758537593822849
1990-04-01 14:17:30,0.7438288879549533,0.6583846178635436,0.0,0.0,0.0,0.9323248407643312,22.465399021694246,0.00574827447130714,0.005517125919838063,0.99,0.0075273890423537704
1990-05-01 14:17:30,0.7743468261348913,0.6922975890478199,0.0003980891719745223,0.0,0.0,0.6094745222929936,16.779559830303402,0.005406466325239012,0.004349017190603383,0.99,0.0085848381769894
1990-06-01 14:17:30,0.852992308976285,0.6905268792805894,0.0,0.0,0.0,0.4450636942675159,14.338411680079497,0.005432466573826755,0.005103024399647918,0.99,0.008255396002810564
1990-07-01 14:17:30,0.7812689903927548,0.6787641486331976,0.0,0.0,0.0,0.41918789808917195,13.353560350549257,0.005548199387662438,0.005351612142242921,0.99,0.008058808757391046
1990-08-01 14:17:30,0.762803886041946,0.6817462896480887,0.0,0.0,0.0,0.36345541401273884,10.568083510896106,0.006717893497908565,0.005513955157815167,0.99,0.009262747097484444
1990-09-01 14:17:30,0.7729748387327865,0.7029319535720693,0.0,0.0,0.0,0.21894904458598727,8.04018891891066,0.007946880857982837,0.007675146552620698,0.99,0.009534481402846583
1990-10-01 14:17:30,0.8084043542179613,0.7146071936157691,0.0003980891719745223,0.0,0.0003980891719745223,0.20063694267515925,6.913051455305926,0.0077994404239181995,0.006378304885256464,0.99,0.010955616941508319
1990-11-01 14:17:30,0.793476878662382,0.716945313330875,0.0,0.0,0.0,0.17277070063694266,5.392059389258986,0.007697976039185545,0.006748015737126072,0.99,0.011905577243567793
1990-12-01 14:17:30,0.7774114572331222,0.7210889791352018,0.0011942675159235668,0.0,0.0,0.29936305732484075,7.783309903789898,0.009134965387961758,0.007505827860598082,0.99,0.01353471477093147
1991-01-01 14:17:30,0.7703509883277011,0.7303875404381287,0.0,0.0,0.0003980891719745223,0.401671974522293,11.27381462636593,0.010353172157158185,0.00841710486597823,0.99,0.015470782062111424
1991-02-01 14:17:30,0.7584786872046114,0.7106983874926956,0.0007961783439490446,0.0,0.0003980891719745223,0.23845541401273884,6.295151807968789,0.011486085427938726,0.01136464524246183,0.99,0.015592222247588319
1991-03-01 14:17:30,0.7349244138452851,0.7054601565862905,0.0007961783439490446,0.0,0.0003980891719745223,0.25437898089171973,6.5225579057096175,0.011648745519713262,0.011130643005172147,0.99,0.016110324762129435
1991-04-01 14:17:30,0.735226821291567,0.710023255566589,0.0,0.0,0.0003980891719745223,0.24880573248407642,5.482956948766417,0.013736692311789908,0.011196594855248373,0.99,0.01865042221867097
1991-05-01 14:17:30,0.7381096675912409,0.7102502506403618,0.0,0.0,0.0,0.24522292993630573,5.3429876506572604,0.01594544513693887,0.013277883047076939,0.99,0.021317984308532902
1991-06-01 14:17:30,0.7279678032340181,0.7042428883560242,0.0,0.0,0.0003980891719745223,0.2619426751592357,5.946944546314347,0.015797370550469654,0.015638198296920303,0.99,0.021477156562082253
1991-07-01 14:17:30,0.7286493094191688,0.7009632861033893,0.0,0.0,0.0,0.267515923566879,5.833057864777428,0.014860410372704051,0.012777536799864037,0.99,0.01939428298924224
1991-08-01 14:17:30,0.7225813987582644,0.7133003759948575,0.0,0.0,0.0,0.2619426751592357,6.978612733604552,0.012979197264520188,0.009604238167350282,0.99,0.016019323892072335
1991-09-01 14:17:30,0.7356197382943892,0.7272775502428184,0.0,0.0,0.0,0.22014331210191082,5.92064073337049,0.011564403249904242,0.010097608738112813,0.99,0.014552529380280904
1991-10-01 14:17:30,0.7395610257564478,0.7153554991618998,0.0,0.0,0.0,0.37539808917197454,9.087850002150551,0.010191780370192808,0.009282722898228686,0.99,0.013643471908316782
1991-11-01 14:17:30,0.6883315738045901,0.6924311446391908,0.0,0.0,0.0,0.3857484076433121,10.086866957788956,0.009485651667693993,0.008364470216398167,0.99,0.012522290457020954
1991-12-01 14:17:30,0.6927137106958379,0.6780915298091675,0.0,0.0,0.0,0.3976910828025478,9.587439849891359,0.009466627095556622,0.008547106108916944,0.99,0.013441811443660632
1992-01-01 14:17:30,0.6926891657470551,0.6747759665348277,0.0,0.0,0.0,0.27985668789808915,8.640761871624887,0.00995429029467794,0.00961311630101439,0.99,0.013782985437324181
1992-02-01 14:17:30,0.6981319373810039,0.6599670166558866,0.0,0.0,0.0,0.27985668789808915,7.475438555328751,0.010763468762920855,0.009709507466510411,0.99,0.014836946733734625
1992-03-01 14:17:30,0.6990610952039863,0.6528793661384371,0.0,0.0,0.0,0.27985668789808915,7.350069300160085,0.012394825823700559,0.010715273180172845,0.99,0.01651649937726234
1992-04-01 14:17:30,0.7128702901308586,0.6681550793826031,0.0003980891719745223,0.0,0.0,0.27985668789808915,6.061040997660716,0.014311234390338561,0.012528314904864456,0.99,0.018299418862736446
1992-05-01 14:17:30,0.7116806254709049,0.669093522251536,0.0,0.0,0.0,0.27985668789808915,6.151629710300174,0.014648920545776925,0.014558236751922115,0.99,0.018208735068881633
1992-06-01 14:17:30,0.7014289335699324,0.6543856039733618,0.0,0.0,0.0,0.27985668789808915,6.450200310732112,0.01459723712480373,0.014132086336044968,0.99,0.017743584280122873
1992-07-01 14:17:30,0.6976734086893249,0.657218599060873,0.0,0.0,0.0,0.27985668789808915,6.190899101370528,0.015094412609993734,0.014447260081120775,0.99,0.017096431751249915
1992-08-01 14:17:30,0.6960321870241152,0.6616174594210787,0.0,0.0,0.0,0.27985668789808915,6.197226089533095,0.014271282788850079,0.012926562614940124,0.99,0.01575171157733996
1992-09-01 14:17:30,0.6867247548369997,0.667106235602872,0.0,0.0,0.0,0.6819267515923567,14.896347916171019,0.013112369269481797,0.012422411453299748,0.99,0.015061753761157912
1992-10-01 14:17:30,0.688696675232737,0.6634151206339329,0.0,0.0,0.0,0.6823248407643312,14.80269617676882,0.012357727908032681,0.011896699109903685,0.99,0.014600724963028916
1992-11-01 14:17:30,0.6886470568674727,0.6591727272880544,0.0,0.0,0.0,0.5417993630573248,12.52555859392776,0.0121509942241399,0.012069188563949196,0.99,0.014682530623219616
1992-12-01 14:17:30,0.7066097321655703,0.6727178552929741,0.0,0.0,0.0,0.40326433121019106,8.190651408750064,0.012712853254596972,0.011561232487881348,0.99,0.01583415138993524
1993-01-01 14:17:30,0.703221792530526,0.661881303020613,0.0,0.0,0.0,0.27985668789808915,7.159619647299363,0.012882806099024166,0.012235336493948918,0.99,0.015186681784859992
1993-02-01 14:17:30,0.7014623743754393,0.6516897451775258,0.0,0.0,0.0,0.7292993630573248,16.394497126582895,0.011702331397900195,0.010256780991662164,0.99,0.01374113137862196
1993-03-01 14:17:30,0.6970755030417365,0.6416006256308407,0.0,0.0,0.0,0.7133757961783439,16.491700232414637,0.010407709263951986,0.009225649181816568,0.99,0.012559071296486542
1993-04-01 14:17:30,0.7016929568333795,0.6540754596053047,0.0,0.0003980891719745223,0.0,0.43312101910828027,10.719475046584266,0.008762083774069255,0.008164712208955753,0.99,0.011961699731373041
1993-05-01 14:17:30,0.7386658410456379,0.6753708532343499,0.0003980891719745223,0.0,0.0,0.42078025477707004,10.063827782267522,0.0074357540198920925,0.0070625553297973,0.99,0.012334898421467835
1993-06-01 14:17:30,0.7601240150157761,0.6678644048420004,0.0,0.0,0.0,0.4601910828025478,10.62639978381943,0.006519403795275311,0.006153814934035467,0.99,0.01196930956022799
1993-07-01 14:17:30,0.753380692831816,0.6467034008849797,0.0,0.0,0.0,0.4721337579617834,11.484895878477424,0.006194083611726239,0.00496351087064052,0.99,0.01073873681914227
1993-08-01 14:17:30,0.71374716239007,0.628345608156955,0.0,0.0,0.0,0.4721337579617834,10.662149635196585,0.006113229180142405,0.005761908748005591,0.99,0.010387416387005455
1993-09-01 14:17:30,0.6709926184432848,0.6145577792286687,0.0,0.0,0.0,0.5095541401273885,12.208152277798282,0.007250581517754999,0.006631965847088099,0.99,0.011006032057672355
1993-10-01 14:17:30,0.6643893701905631,0.6254076271733497,0.0,0.0,0.0,0.731687898089172,21.182655117096942,0.008447544181398026,0.006708064135637589,0.99,0.012745512103432792
1993-11-01 14:17:30,0.6678025759814894,0.6334026563105931,0.0,0.0,0.0,0.43471337579617836,10.871069448726244,0.008895255779030864,0.00723567893624739,0.99,0.014405088946216267
